Time,Iter,Assembly_ID,Obj_name,Density,Mass,MaxTemperature,Max_stress,Yield_stress,Parent_id
0,0,1,/home/navraj/TITAN/Examples/Geometry/Ablation_Tests/sphere.stl,150.0,286.354201,300.0,0,0,1
0.25,1,1,/home/navraj/TITAN/Examples/Geometry/Ablation_Tests/sphere.stl,150.0,286.354201,314.148987,0,0,1
0.5,2,1,/home/navraj/TITAN/Examples/Geometry/Ablation_Tests/sphere.stl,150.0,286.354201,324.678009,0,0,1
0.75,3,1,/home/navraj/TITAN/Examples/Geometry/Ablation_Tests/sphere.stl,150.0,286.354201,333.747009,0,0,1
1.0,4,1,/home/navraj/TITAN/Examples/Geometry/Ablation_Tests/sphere.stl,150.0,286.354201,341.921997,0,0,1
1.25,5,1,/home/navraj/TITAN/Examples/Geometry/Ablation_Tests/sphere.stl,150.0,286.354201,349.471008,0,0,1
1.5,6,1,/home/navraj/TITAN/Examples/Geometry/Ablation_Tests/sphere.stl,150.0,286.354201,356.549988,0,0,1
1.75,7,1,/home/navraj/TITAN/Examples/Geometry/Ablation_Tests/sphere.stl,150.0,286.354201,363.26001,0,0,1
2.0,8,1,/home/navraj/TITAN/Examples/Geometry/Ablation_Tests/sphere.stl,150.0,286.354201,369.669006,0,0,1
2.25,9,1,/home/navraj/TITAN/Examples/Geometry/Ablation_Tests/sphere.stl,150.0,286.354201,375.828003,0,0,1
2.5,10,1,/home/navraj/TITAN/Examples/Geometry/Ablation_Tests/sphere.stl,150.0,286.354201,381.773987,0,0,1
2.75,11,1,/home/navraj/TITAN/Examples/Geometry/Ablation_Tests/sphere.stl,150.0,286.354201,387.536011,0,0,1
3.0,12,1,/home/navraj/TITAN/Examples/Geometry/Ablation_Tests/sphere.stl,150.0,286.354201,393.136993,0,0,1
3.25,13,1,/home/navraj/TITAN/Examples/Geometry/Ablation_Tests/sphere.stl,150.0,286.354201,398.596008,0,0,1
3.5,14,1,/home/navraj/TITAN/Examples/Geometry/Ablation_Tests/sphere.stl,150.0,286.354201,403.928009,0,0,1
3.75,15,1,/home/navraj/TITAN/Examples/Geometry/Ablation_Tests/sphere.stl,150.0,286.354201,409.144989,0,0,1
4.0,16,1,/home/navraj/TITAN/Examples/Geometry/Ablation_Tests/sphere.stl,150.0,286.354201,414.257996,0,0,1
4.25,17,1,/home/navraj/TITAN/Examples/Geometry/Ablation_Tests/sphere.stl,150.0,286.354201,419.276001,0,0,1
4.5,18,1,/home/navraj/TITAN/Examples/Geometry/Ablation_Tests/sphere.stl,150.0,286.354201,424.205994,0,0,1
4.75,19,1,/home/navraj/TITAN/Examples/Geometry/Ablation_Tests/sphere.stl,150.0,286.354201,429.054993,0,0,1
5.0,20,1,/home/navraj/TITAN/Examples/Geometry/Ablation_Tests/sphere.stl,150.0,286.354201,433.82901,0,0,1
5.25,21,1,/home/navraj/TITAN/Examples/Geometry/Ablation_Tests/sphere.stl,150.0,286.354201,438.598999,0,0,1
5.5,22,1,/home/navraj/TITAN/Examples/Geometry/Ablation_Tests/sphere.stl,150.0,286.354201,443.34201,0,0,1
5.75,23,1,/home/navraj/TITAN/Examples/Geometry/Ablation_Tests/sphere.stl,150.0,286.354201,448.031006,0,0,1
6.0,24,1,/home/navraj/TITAN/Examples/Geometry/Ablation_Tests/sphere.stl,150.0,286.354201,452.667999,0,0,1
6.25,25,1,/home/navraj/TITAN/Examples/Geometry/Ablation_Tests/sphere.stl,150.0,286.354201,457.256012,0,0,1
6.5,26,1,/home/navraj/TITAN/Examples/Geometry/Ablation_Tests/sphere.stl,150.0,286.354201,461.798004,0,0,1
6.75,27,1,/home/navraj/TITAN/Examples/Geometry/Ablation_Tests/sphere.stl,150.0,286.354201,466.295013,0,0,1
7.0,28,1,/home/navraj/TITAN/Examples/Geometry/Ablation_Tests/sphere.stl,150.0,286.354201,470.75,0,0,1
7.25,29,1,/home/navraj/TITAN/Examples/Geometry/Ablation_Tests/sphere.stl,150.0,286.354201,475.165009,0,0,1
7.5,30,1,/home/navraj/TITAN/Examples/Geometry/Ablation_Tests/sphere.stl,150.0,286.354201,479.540009,0,0,1
7.75,31,1,/home/navraj/TITAN/Examples/Geometry/Ablation_Tests/sphere.stl,150.0,286.354201,483.877991,0,0,1
8.0,32,1,/home/navraj/TITAN/Examples/Geometry/Ablation_Tests/sphere.stl,150.0,286.354201,488.209015,0,0,1
8.25,33,1,/home/navraj/TITAN/Examples/Geometry/Ablation_Tests/sphere.stl,150.0,286.354201,492.540985,0,0,1
8.5,34,1,/home/navraj/TITAN/Examples/Geometry/Ablation_Tests/sphere.stl,150.0,286.354201,496.84201,0,0,1
8.75,35,1,/home/navraj/TITAN/Examples/Geometry/Ablation_Tests/sphere.stl,150.0,286.354201,501.113007,0,0,1
9.0,36,1,/home/navraj/TITAN/Examples/Geometry/Ablation_Tests/sphere.stl,150.0,286.354201,505.354004,0,0,1
9.25,37,1,/home/navraj/TITAN/Examples/Geometry/Ablation_Tests/sphere.stl,150.0,286.354201,509.587006,0,0,1
9.5,38,1,/home/navraj/TITAN/Examples/Geometry/Ablation_Tests/sphere.stl,150.0,286.354201,513.81897,0,0,1
9.75,39,1,/home/navraj/TITAN/Examples/Geometry/Ablation_Tests/sphere.stl,150.0,286.354201,518.02301,0,0,1
10.0,40,1,/home/navraj/TITAN/Examples/Geometry/Ablation_Tests/sphere.stl,150.0,286.354201,522.200012,0,0,1
10.25,41,1,/home/navraj/TITAN/Examples/Geometry/Ablation_Tests/sphere.stl,150.0,286.354201,526.38501,0,0,1
10.5,42,1,/home/navraj/TITAN/Examples/Geometry/Ablation_Tests/sphere.stl,150.0,286.354201,530.577026,0,0,1
10.75,43,1,/home/navraj/TITAN/Examples/Geometry/Ablation_Tests/sphere.stl,150.0,286.354201,534.744995,0,0,1
11.0,44,1,/home/navraj/TITAN/Examples/Geometry/Ablation_Tests/sphere.stl,150.0,286.354201,538.888,0,0,1
11.25,45,1,/home/navraj/TITAN/Examples/Geometry/Ablation_Tests/sphere.stl,150.0,286.354201,543.007019,0,0,1
11.5,46,1,/home/navraj/TITAN/Examples/Geometry/Ablation_Tests/sphere.stl,150.0,286.354201,547.10199,0,0,1
11.75,47,1,/home/navraj/TITAN/Examples/Geometry/Ablation_Tests/sphere.stl,150.0,286.354201,551.172974,0,0,1
12.0,48,1,/home/navraj/TITAN/Examples/Geometry/Ablation_Tests/sphere.stl,150.0,286.354201,555.221985,0,0,1
12.25,49,1,/home/navraj/TITAN/Examples/Geometry/Ablation_Tests/sphere.stl,150.0,286.354201,559.270996,0,0,1
12.5,50,1,/home/navraj/TITAN/Examples/Geometry/Ablation_Tests/sphere.stl,150.0,286.354201,563.297974,0,0,1
12.75,51,1,/home/navraj/TITAN/Examples/Geometry/Ablation_Tests/sphere.stl,150.0,286.354201,567.304016,0,0,1
13.0,52,1,/home/navraj/TITAN/Examples/Geometry/Ablation_Tests/sphere.stl,150.0,286.354201,571.288025,0,0,1
13.25,53,1,/home/navraj/TITAN/Examples/Geometry/Ablation_Tests/sphere.stl,150.0,286.354201,575.250977,0,0,1
13.5,54,1,/home/navraj/TITAN/Examples/Geometry/Ablation_Tests/sphere.stl,150.0,286.354201,579.192017,0,0,1
13.75,55,1,/home/navraj/TITAN/Examples/Geometry/Ablation_Tests/sphere.stl,150.0,286.354201,583.140015,0,0,1
14.0,56,1,/home/navraj/TITAN/Examples/Geometry/Ablation_Tests/sphere.stl,150.0,286.354201,587.101013,0,0,1
14.25,57,1,/home/navraj/TITAN/Examples/Geometry/Ablation_Tests/sphere.stl,150.0,286.354201,591.041016,0,0,1
14.5,58,1,/home/navraj/TITAN/Examples/Geometry/Ablation_Tests/sphere.stl,150.0,286.354201,594.958008,0,0,1
14.75,59,1,/home/navraj/TITAN/Examples/Geometry/Ablation_Tests/sphere.stl,150.0,286.354201,598.85199,0,0,1
15.0,60,1,/home/navraj/TITAN/Examples/Geometry/Ablation_Tests/sphere.stl,150.0,286.354201,602.723999,0,0,1
15.25,61,1,/home/navraj/TITAN/Examples/Geometry/Ablation_Tests/sphere.stl,150.0,286.354201,606.572998,0,0,1
15.5,62,1,/home/navraj/TITAN/Examples/Geometry/Ablation_Tests/sphere.stl,150.0,286.354201,610.39801,0,0,1
15.75,63,1,/home/navraj/TITAN/Examples/Geometry/Ablation_Tests/sphere.stl,150.0,286.354201,614.200012,0,0,1
16.0,64,1,/home/navraj/TITAN/Examples/Geometry/Ablation_Tests/sphere.stl,150.0,286.354201,617.979004,0,0,1
16.25,65,1,/home/navraj/TITAN/Examples/Geometry/Ablation_Tests/sphere.stl,150.0,286.354201,621.732971,0,0,1
16.5,66,1,/home/navraj/TITAN/Examples/Geometry/Ablation_Tests/sphere.stl,150.0,286.354201,625.463989,0,0,1
16.75,67,1,/home/navraj/TITAN/Examples/Geometry/Ablation_Tests/sphere.stl,150.0,286.354201,629.169983,0,0,1
17.0,68,1,/home/navraj/TITAN/Examples/Geometry/Ablation_Tests/sphere.stl,150.0,286.354201,633.015991,0,0,1
17.25,69,1,/home/navraj/TITAN/Examples/Geometry/Ablation_Tests/sphere.stl,150.0,286.354201,636.968994,0,0,1
17.5,70,1,/home/navraj/TITAN/Examples/Geometry/Ablation_Tests/sphere.stl,150.0,286.354201,640.905029,0,0,1
17.75,71,1,/home/navraj/TITAN/Examples/Geometry/Ablation_Tests/sphere.stl,150.0,286.354201,644.823975,0,0,1
18.0,72,1,/home/navraj/TITAN/Examples/Geometry/Ablation_Tests/sphere.stl,150.0,286.354201,648.72699,0,0,1
18.25,73,1,/home/navraj/TITAN/Examples/Geometry/Ablation_Tests/sphere.stl,150.0,286.354201,652.611023,0,0,1
18.5,74,1,/home/navraj/TITAN/Examples/Geometry/Ablation_Tests/sphere.stl,150.0,286.354201,656.478027,0,0,1
18.75,75,1,/home/navraj/TITAN/Examples/Geometry/Ablation_Tests/sphere.stl,150.0,286.354201,660.327026,0,0,1
19.0,76,1,/home/navraj/TITAN/Examples/Geometry/Ablation_Tests/sphere.stl,150.0,286.354201,664.15802,0,0,1
19.25,77,1,/home/navraj/TITAN/Examples/Geometry/Ablation_Tests/sphere.stl,150.0,286.354201,668.02301,0,0,1
19.5,78,1,/home/navraj/TITAN/Examples/Geometry/Ablation_Tests/sphere.stl,150.0,286.354201,671.890015,0,0,1
19.75,79,1,/home/navraj/TITAN/Examples/Geometry/Ablation_Tests/sphere.stl,150.0,286.354201,675.739014,0,0,1
20.0,80,1,/home/navraj/TITAN/Examples/Geometry/Ablation_Tests/sphere.stl,150.0,286.354201,679.56897,0,0,1
20.25,81,1,/home/navraj/TITAN/Examples/Geometry/Ablation_Tests/sphere.stl,150.0,286.354201,683.380005,0,0,1
20.5,82,1,/home/navraj/TITAN/Examples/Geometry/Ablation_Tests/sphere.stl,150.0,286.354201,687.304993,0,0,1
20.75,83,1,/home/navraj/TITAN/Examples/Geometry/Ablation_Tests/sphere.stl,150.0,286.354201,691.21698,0,0,1
21.0,84,1,/home/navraj/TITAN/Examples/Geometry/Ablation_Tests/sphere.stl,150.0,286.354201,695.112976,0,0,1
21.25,85,1,/home/navraj/TITAN/Examples/Geometry/Ablation_Tests/sphere.stl,150.0,286.354201,698.992981,0,0,1
21.5,86,1,/home/navraj/TITAN/Examples/Geometry/Ablation_Tests/sphere.stl,150.0,286.354201,702.856995,0,0,1
21.75,87,1,/home/navraj/TITAN/Examples/Geometry/Ablation_Tests/sphere.stl,150.0,286.354201,706.703979,0,0,1
22.0,88,1,/home/navraj/TITAN/Examples/Geometry/Ablation_Tests/sphere.stl,150.0,286.354201,710.54303,0,0,1
22.25,89,1,/home/navraj/TITAN/Examples/Geometry/Ablation_Tests/sphere.stl,150.0,286.354201,714.424011,0,0,1
22.5,90,1,/home/navraj/TITAN/Examples/Geometry/Ablation_Tests/sphere.stl,150.0,286.354201,718.288025,0,0,1
22.75,91,1,/home/navraj/TITAN/Examples/Geometry/Ablation_Tests/sphere.stl,150.0,286.354201,722.133972,0,0,1
23.0,92,1,/home/navraj/TITAN/Examples/Geometry/Ablation_Tests/sphere.stl,150.0,286.354201,725.961975,0,0,1
23.25,93,1,/home/navraj/TITAN/Examples/Geometry/Ablation_Tests/sphere.stl,150.0,286.354201,729.771973,0,0,1
23.5,94,1,/home/navraj/TITAN/Examples/Geometry/Ablation_Tests/sphere.stl,150.0,286.354201,733.596985,0,0,1
23.75,95,1,/home/navraj/TITAN/Examples/Geometry/Ablation_Tests/sphere.stl,150.0,286.354201,737.547974,0,0,1
24.0,96,1,/home/navraj/TITAN/Examples/Geometry/Ablation_Tests/sphere.stl,150.0,286.354201,741.484009,0,0,1
24.25,97,1,/home/navraj/TITAN/Examples/Geometry/Ablation_Tests/sphere.stl,150.0,286.354201,745.403992,0,0,1
24.5,98,1,/home/navraj/TITAN/Examples/Geometry/Ablation_Tests/sphere.stl,150.0,286.354201,749.307983,0,0,1
24.75,99,1,/home/navraj/TITAN/Examples/Geometry/Ablation_Tests/sphere.stl,150.0,286.354201,753.197021,0,0,1
25.0,100,1,/home/navraj/TITAN/Examples/Geometry/Ablation_Tests/sphere.stl,150.0,286.354201,757.070007,0,0,1
25.25,101,1,/home/navraj/TITAN/Examples/Geometry/Ablation_Tests/sphere.stl,150.0,286.354201,760.926025,0,0,1
25.5,102,1,/home/navraj/TITAN/Examples/Geometry/Ablation_Tests/sphere.stl,150.0,286.354201,764.765991,0,0,1
25.75,103,1,/home/navraj/TITAN/Examples/Geometry/Ablation_Tests/sphere.stl,150.0,286.354201,768.588989,0,0,1
26.0,104,1,/home/navraj/TITAN/Examples/Geometry/Ablation_Tests/sphere.stl,150.0,286.354201,772.395996,0,0,1
26.25,105,1,/home/navraj/TITAN/Examples/Geometry/Ablation_Tests/sphere.stl,150.0,286.354201,776.216003,0,0,1
26.5,106,1,/home/navraj/TITAN/Examples/Geometry/Ablation_Tests/sphere.stl,150.0,286.354201,780.156982,0,0,1
26.75,107,1,/home/navraj/TITAN/Examples/Geometry/Ablation_Tests/sphere.stl,150.0,286.354201,784.148987,0,0,1
27.0,108,1,/home/navraj/TITAN/Examples/Geometry/Ablation_Tests/sphere.stl,150.0,286.354201,788.130005,0,0,1
27.25,109,1,/home/navraj/TITAN/Examples/Geometry/Ablation_Tests/sphere.stl,150.0,286.354201,792.094971,0,0,1
27.5,110,1,/home/navraj/TITAN/Examples/Geometry/Ablation_Tests/sphere.stl,150.0,286.354201,796.041992,0,0,1
27.75,111,1,/home/navraj/TITAN/Examples/Geometry/Ablation_Tests/sphere.stl,150.0,286.354201,799.973022,0,0,1
28.0,112,1,/home/navraj/TITAN/Examples/Geometry/Ablation_Tests/sphere.stl,150.0,286.354201,803.885986,0,0,1
28.25,113,1,/home/navraj/TITAN/Examples/Geometry/Ablation_Tests/sphere.stl,150.0,286.354201,807.880981,0,0,1
28.5,114,1,/home/navraj/TITAN/Examples/Geometry/Ablation_Tests/sphere.stl,150.0,286.354201,811.953003,0,0,1
28.75,115,1,/home/navraj/TITAN/Examples/Geometry/Ablation_Tests/sphere.stl,150.0,286.354201,816.010986,0,0,1
29.0,116,1,/home/navraj/TITAN/Examples/Geometry/Ablation_Tests/sphere.stl,150.0,286.354201,820.054993,0,0,1
29.25,117,1,/home/navraj/TITAN/Examples/Geometry/Ablation_Tests/sphere.stl,150.0,286.354201,824.085022,0,0,1
29.5,118,1,/home/navraj/TITAN/Examples/Geometry/Ablation_Tests/sphere.stl,150.0,286.354201,828.099976,0,0,1
29.75,119,1,/home/navraj/TITAN/Examples/Geometry/Ablation_Tests/sphere.stl,150.0,286.354201,832.101013,0,0,1
30.0,120,1,/home/navraj/TITAN/Examples/Geometry/Ablation_Tests/sphere.stl,150.0,286.354201,836.086975,0,0,1
30.25,121,1,/home/navraj/TITAN/Examples/Geometry/Ablation_Tests/sphere.stl,150.0,286.354201,840.057983,0,0,1
30.5,122,1,/home/navraj/TITAN/Examples/Geometry/Ablation_Tests/sphere.stl,150.0,286.354201,844.013977,0,0,1
30.75,123,1,/home/navraj/TITAN/Examples/Geometry/Ablation_Tests/sphere.stl,150.0,286.354201,847.953979,0,0,1
31.0,124,1,/home/navraj/TITAN/Examples/Geometry/Ablation_Tests/sphere.stl,150.0,286.354201,852.059998,0,0,1
31.25,125,1,/home/navraj/TITAN/Examples/Geometry/Ablation_Tests/sphere.stl,150.0,286.354201,856.179993,0,0,1
31.5,126,1,/home/navraj/TITAN/Examples/Geometry/Ablation_Tests/sphere.stl,150.0,286.354201,860.317017,0,0,1
31.75,127,1,/home/navraj/TITAN/Examples/Geometry/Ablation_Tests/sphere.stl,150.0,286.354201,864.445007,0,0,1
32.0,128,1,/home/navraj/TITAN/Examples/Geometry/Ablation_Tests/sphere.stl,150.0,286.354201,868.562988,0,0,1
32.25,129,1,/home/navraj/TITAN/Examples/Geometry/Ablation_Tests/sphere.stl,150.0,286.354201,872.671997,0,0,1
32.5,130,1,/home/navraj/TITAN/Examples/Geometry/Ablation_Tests/sphere.stl,150.0,286.354201,876.786987,0,0,1
32.75,131,1,/home/navraj/TITAN/Examples/Geometry/Ablation_Tests/sphere.stl,150.0,286.354201,881.080017,0,0,1
33.0,132,1,/home/navraj/TITAN/Examples/Geometry/Ablation_Tests/sphere.stl,150.0,286.354201,885.362,0,0,1
33.25,133,1,/home/navraj/TITAN/Examples/Geometry/Ablation_Tests/sphere.stl,150.0,286.354201,889.633972,0,0,1
33.5,134,1,/home/navraj/TITAN/Examples/Geometry/Ablation_Tests/sphere.stl,150.0,286.354201,893.895996,0,0,1
33.75,135,1,/home/navraj/TITAN/Examples/Geometry/Ablation_Tests/sphere.stl,150.0,286.354201,898.146973,0,0,1
34.0,136,1,/home/navraj/TITAN/Examples/Geometry/Ablation_Tests/sphere.stl,150.0,286.354201,902.387024,0,0,1
34.25,137,1,/home/navraj/TITAN/Examples/Geometry/Ablation_Tests/sphere.stl,149.999524,286.353292,906.61499,0,0,1
34.5,138,1,/home/navraj/TITAN/Examples/Geometry/Ablation_Tests/sphere.stl,149.991355,286.337697,910.11499,0,0,1
34.75,139,1,/home/navraj/TITAN/Examples/Geometry/Ablation_Tests/sphere.stl,149.979322,286.314726,910.335022,0,0,1
35.0,140,1,/home/navraj/TITAN/Examples/Geometry/Ablation_Tests/sphere.stl,149.959974,286.277791,910.61499,0,0,1
35.25,141,1,/home/navraj/TITAN/Examples/Geometry/Ablation_Tests/sphere.stl,149.936233,286.232469,910.547974,0,0,1
35.5,142,1,/home/navraj/TITAN/Examples/Geometry/Ablation_Tests/sphere.stl,149.906887,286.176446,911.179993,0,0,1
35.75,143,1,/home/navraj/TITAN/Examples/Geometry/Ablation_Tests/sphere.stl,149.872362,286.110537,911.224976,0,0,1
36.0,144,1,/home/navraj/TITAN/Examples/Geometry/Ablation_Tests/sphere.stl,149.830721,286.031043,912.013,0,0,1
36.25,145,1,/home/navraj/TITAN/Examples/Geometry/Ablation_Tests/sphere.stl,149.785024,285.943807,913.182007,0,0,1
36.5,146,1,/home/navraj/TITAN/Examples/Geometry/Ablation_Tests/sphere.stl,149.733576,285.84559,913.783997,0,0,1
36.75,147,1,/home/navraj/TITAN/Examples/Geometry/Ablation_Tests/sphere.stl,149.67653,285.736688,914.658997,0,0,1
37.0,148,1,/home/navraj/TITAN/Examples/Geometry/Ablation_Tests/sphere.stl,149.613256,285.615895,916.146973,0,0,1
37.25,149,1,/home/navraj/TITAN/Examples/Geometry/Ablation_Tests/sphere.stl,149.543374,285.482489,917.255981,0,0,1
37.5,150,1,/home/navraj/TITAN/Examples/Geometry/Ablation_Tests/sphere.stl,149.469039,285.340582,918.424988,0,0,1
37.75,151,1,/home/navraj/TITAN/Examples/Geometry/Ablation_Tests/sphere.stl,149.388241,285.186336,919.846008,0,0,1
38.0,152,1,/home/navraj/TITAN/Examples/Geometry/Ablation_Tests/sphere.stl,149.302578,285.022802,921.047974,0,0,1
38.25,153,1,/home/navraj/TITAN/Examples/Geometry/Ablation_Tests/sphere.stl,149.208413,284.843039,922.737976,0,0,1
38.5,154,1,/home/navraj/TITAN/Examples/Geometry/Ablation_Tests/sphere.stl,149.108864,284.652997,924.234985,0,0,1
38.75,155,1,/home/navraj/TITAN/Examples/Geometry/Ablation_Tests/sphere.stl,149.001166,284.447399,926.080017,0,0,1
39.0,156,1,/home/navraj/TITAN/Examples/Geometry/Ablation_Tests/sphere.stl,148.887976,284.231316,928.130981,0,0,1
39.25,157,1,/home/navraj/TITAN/Examples/Geometry/Ablation_Tests/sphere.stl,148.76749,284.001305,930.244019,0,0,1
39.5,158,1,/home/navraj/TITAN/Examples/Geometry/Ablation_Tests/sphere.stl,148.64237,283.762447,932.343994,0,0,1
39.75,159,1,/home/navraj/TITAN/Examples/Geometry/Ablation_Tests/sphere.stl,148.509919,283.509594,934.458008,0,0,1
40.0,160,1,/home/navraj/TITAN/Examples/Geometry/Ablation_Tests/sphere.stl,148.374758,283.251569,936.531006,0,0,1
40.25,161,1,/home/navraj/TITAN/Examples/Geometry/Ablation_Tests/sphere.stl,148.234844,282.984469,938.505005,0,0,1
40.5,162,1,/home/navraj/TITAN/Examples/Geometry/Ablation_Tests/sphere.stl,148.09179,282.711374,940.330017,0,0,1
40.75,163,1,/home/navraj/TITAN/Examples/Geometry/Ablation_Tests/sphere.stl,147.944998,282.431145,942.086975,0,0,1
41.0,164,1,/home/navraj/TITAN/Examples/Geometry/Ablation_Tests/sphere.stl,147.792597,282.140206,943.843994,0,0,1
41.25,165,1,/home/navraj/TITAN/Examples/Geometry/Ablation_Tests/sphere.stl,147.633819,281.837095,945.677979,0,0,1
41.5,166,1,/home/navraj/TITAN/Examples/Geometry/Ablation_Tests/sphere.stl,147.468766,281.522005,947.664001,0,0,1
41.75,167,1,/home/navraj/TITAN/Examples/Geometry/Ablation_Tests/sphere.stl,147.297777,281.195581,949.794006,0,0,1
42.0,168,1,/home/navraj/TITAN/Examples/Geometry/Ablation_Tests/sphere.stl,147.120054,280.856304,952.018005,0,0,1
42.25,169,1,/home/navraj/TITAN/Examples/Geometry/Ablation_Tests/sphere.stl,146.936479,280.505853,954.078979,0,0,1
42.5,170,1,/home/navraj/TITAN/Examples/Geometry/Ablation_Tests/sphere.stl,146.749661,280.149213,955.888977,0,0,1
42.75,171,1,/home/navraj/TITAN/Examples/Geometry/Ablation_Tests/sphere.stl,146.562255,279.79145,957.28302,0,0,1
43.0,172,1,/home/navraj/TITAN/Examples/Geometry/Ablation_Tests/sphere.stl,146.371264,279.426843,958.314026,0,0,1
43.25,173,1,/home/navraj/TITAN/Examples/Geometry/Ablation_Tests/sphere.stl,146.179225,279.060235,959.383972,0,0,1
43.5,174,1,/home/navraj/TITAN/Examples/Geometry/Ablation_Tests/sphere.stl,145.983286,278.686182,960.758972,0,0,1
43.75,175,1,/home/navraj/TITAN/Examples/Geometry/Ablation_Tests/sphere.stl,145.779122,278.296427,962.752991,0,0,1
44.0,176,1,/home/navraj/TITAN/Examples/Geometry/Ablation_Tests/sphere.stl,145.566568,277.890655,965.432983,0,0,1
44.25,177,1,/home/navraj/TITAN/Examples/Geometry/Ablation_Tests/sphere.stl,145.345631,277.46888,968.424011,0,0,1
44.5,178,1,/home/navraj/TITAN/Examples/Geometry/Ablation_Tests/sphere.stl,145.123523,277.044871,969.715027,0,0,1
44.75,179,1,/home/navraj/TITAN/Examples/Geometry/Ablation_Tests/sphere.stl,144.906701,276.63095,970.414978,0,0,1
45.0,180,1,/home/navraj/TITAN/Examples/Geometry/Ablation_Tests/sphere.stl,144.700419,276.237153,971.054993,0,0,1
45.25,181,1,/home/navraj/TITAN/Examples/Geometry/Ablation_Tests/sphere.stl,144.50346,275.861152,970.617981,0,0,1
45.5,182,1,/home/navraj/TITAN/Examples/Geometry/Ablation_Tests/sphere.stl,144.308789,275.48952,970.48999,0,0,1
45.75,183,1,/home/navraj/TITAN/Examples/Geometry/Ablation_Tests/sphere.stl,144.098171,275.087444,971.718018,0,0,1
46.0,184,1,/home/navraj/TITAN/Examples/Geometry/Ablation_Tests/sphere.stl,143.864893,274.64211,974.547974,0,0,1
46.25,185,1,/home/navraj/TITAN/Examples/Geometry/Ablation_Tests/sphere.stl,143.612535,274.160351,977.770996,0,0,1
46.5,186,1,/home/navraj/TITAN/Examples/Geometry/Ablation_Tests/sphere.stl,143.371725,273.700639,977.716003,0,0,1
46.75,187,1,/home/navraj/TITAN/Examples/Geometry/Ablation_Tests/sphere.stl,143.165669,273.307272,975.169983,0,0,1
47.0,188,1,/home/navraj/TITAN/Examples/Geometry/Ablation_Tests/sphere.stl,143.005024,273.000596,969.922974,0,0,1
47.25,189,1,/home/navraj/TITAN/Examples/Geometry/Ablation_Tests/sphere.stl,142.87259,272.747777,965.622986,0,0,1
47.5,190,1,/home/navraj/TITAN/Examples/Geometry/Ablation_Tests/sphere.stl,142.745117,272.504427,963.612976,0,0,1
47.75,191,1,/home/navraj/TITAN/Examples/Geometry/Ablation_Tests/sphere.stl,142.603719,272.234494,964.343018,0,0,1
48.0,192,1,/home/navraj/TITAN/Examples/Geometry/Ablation_Tests/sphere.stl,142.431925,271.906534,968.187988,0,0,1
48.25,193,1,/home/navraj/TITAN/Examples/Geometry/Ablation_Tests/sphere.stl,142.217337,271.496879,974.882019,0,0,1
48.5,194,1,/home/navraj/TITAN/Examples/Geometry/Ablation_Tests/sphere.stl,141.971955,271.028439,980.77002,0,0,1
48.75,195,1,/home/navraj/TITAN/Examples/Geometry/Ablation_Tests/sphere.stl,141.744729,270.594657,981.197998,0,0,1
49.0,196,1,/home/navraj/TITAN/Examples/Geometry/Ablation_Tests/sphere.stl,141.586691,270.292959,976.01001,0,0,1
49.25,197,1,/home/navraj/TITAN/Examples/Geometry/Ablation_Tests/sphere.stl,141.510582,270.147664,965.875,0,0,1
49.5,198,1,/home/navraj/TITAN/Examples/Geometry/Ablation_Tests/sphere.stl,141.484922,270.098679,955.088013,0,0,1
49.75,199,1,/home/navraj/TITAN/Examples/Geometry/Ablation_Tests/sphere.stl,141.47855,270.086514,943.08197,0,0,1
50.0,200,1,/home/navraj/TITAN/Examples/Geometry/Ablation_Tests/sphere.stl,141.478296,270.08603,934.026001,0,0,1
50.25,201,1,/home/navraj/TITAN/Examples/Geometry/Ablation_Tests/sphere.stl,141.478131,270.085715,926.122986,0,0,1
50.5,202,1,/home/navraj/TITAN/Examples/Geometry/Ablation_Tests/sphere.stl,141.47806,270.085578,918.963013,0,0,1
50.75,203,1,/home/navraj/TITAN/Examples/Geometry/Ablation_Tests/sphere.stl,141.478037,270.085535,912.367981,0,0,1
51.0,204,1,/home/navraj/TITAN/Examples/Geometry/Ablation_Tests/sphere.stl,141.478037,270.085535,906.247986,0,0,1
51.25,205,1,/home/navraj/TITAN/Examples/Geometry/Ablation_Tests/sphere.stl,141.478037,270.085535,903.747986,0,0,1
51.5,206,1,/home/navraj/TITAN/Examples/Geometry/Ablation_Tests/sphere.stl,141.478037,270.085535,905.778015,0,0,1
51.75,207,1,/home/navraj/TITAN/Examples/Geometry/Ablation_Tests/sphere.stl,141.470373,270.070904,913.671021,0,0,1
52.0,208,1,/home/navraj/TITAN/Examples/Geometry/Ablation_Tests/sphere.stl,141.443796,270.020167,921.942993,0,0,1
52.25,209,1,/home/navraj/TITAN/Examples/Geometry/Ablation_Tests/sphere.stl,141.384127,269.906258,929.875977,0,0,1
52.5,210,1,/home/navraj/TITAN/Examples/Geometry/Ablation_Tests/sphere.stl,141.284193,269.715482,936.047974,0,0,1
52.75,211,1,/home/navraj/TITAN/Examples/Geometry/Ablation_Tests/sphere.stl,141.142007,269.444045,941.132019,0,0,1
53.0,212,1,/home/navraj/TITAN/Examples/Geometry/Ablation_Tests/sphere.stl,140.987907,269.149862,944.122009,0,0,1
53.25,213,1,/home/navraj/TITAN/Examples/Geometry/Ablation_Tests/sphere.stl,140.867249,268.919523,939.435974,0,0,1
53.5,214,1,/home/navraj/TITAN/Examples/Geometry/Ablation_Tests/sphere.stl,140.810941,268.812031,930.541992,0,0,1
53.75,215,1,/home/navraj/TITAN/Examples/Geometry/Ablation_Tests/sphere.stl,140.804042,268.79886,917.302002,0,0,1
54.0,216,1,/home/navraj/TITAN/Examples/Geometry/Ablation_Tests/sphere.stl,140.804034,268.798845,908.541016,0,0,1
54.25,217,1,/home/navraj/TITAN/Examples/Geometry/Ablation_Tests/sphere.stl,140.804034,268.798845,901.291016,0,0,1
54.5,218,1,/home/navraj/TITAN/Examples/Geometry/Ablation_Tests/sphere.stl,140.804034,268.798845,894.914001,0,0,1
54.75,219,1,/home/navraj/TITAN/Examples/Geometry/Ablation_Tests/sphere.stl,140.804034,268.798845,893.341003,0,0,1
55.0,220,1,/home/navraj/TITAN/Examples/Geometry/Ablation_Tests/sphere.stl,140.804034,268.798845,896.072021,0,0,1
55.25,221,1,/home/navraj/TITAN/Examples/Geometry/Ablation_Tests/sphere.stl,140.804034,268.798845,901.48999,0,0,1
55.5,222,1,/home/navraj/TITAN/Examples/Geometry/Ablation_Tests/sphere.stl,140.803238,268.797325,909.242004,0,0,1
55.75,223,1,/home/navraj/TITAN/Examples/Geometry/Ablation_Tests/sphere.stl,140.79918,268.789578,917.734985,0,0,1
56.0,224,1,/home/navraj/TITAN/Examples/Geometry/Ablation_Tests/sphere.stl,140.783053,268.758791,924.781982,0,0,1
56.25,225,1,/home/navraj/TITAN/Examples/Geometry/Ablation_Tests/sphere.stl,140.753244,268.701885,930.890991,0,0,1
56.5,226,1,/home/navraj/TITAN/Examples/Geometry/Ablation_Tests/sphere.stl,140.706467,268.612586,933.541016,0,0,1
56.75,227,1,/home/navraj/TITAN/Examples/Geometry/Ablation_Tests/sphere.stl,140.61647,268.440779,939.198975,0,0,1
57.0,228,1,/home/navraj/TITAN/Examples/Geometry/Ablation_Tests/sphere.stl,140.473697,268.168221,941.023987,0,0,1
57.25,229,1,/home/navraj/TITAN/Examples/Geometry/Ablation_Tests/sphere.stl,140.324535,267.883468,939.322998,0,0,1
57.5,230,1,/home/navraj/TITAN/Examples/Geometry/Ablation_Tests/sphere.stl,140.202811,267.651094,932.43103,0,0,1
57.75,231,1,/home/navraj/TITAN/Examples/Geometry/Ablation_Tests/sphere.stl,140.130008,267.512111,924.205017,0,0,1
58.0,232,1,/home/navraj/TITAN/Examples/Geometry/Ablation_Tests/sphere.stl,140.10846,267.470973,914.874023,0,0,1
58.25,233,1,/home/navraj/TITAN/Examples/Geometry/Ablation_Tests/sphere.stl,140.104792,267.463972,908.780029,0,0,1
58.5,234,1,/home/navraj/TITAN/Examples/Geometry/Ablation_Tests/sphere.stl,140.104792,267.463972,905.786987,0,0,1
58.75,235,1,/home/navraj/TITAN/Examples/Geometry/Ablation_Tests/sphere.stl,140.104792,267.463972,905.513,0,0,1
59.0,236,1,/home/navraj/TITAN/Examples/Geometry/Ablation_Tests/sphere.stl,140.103975,267.462412,908.463989,0,0,1
59.25,237,1,/home/navraj/TITAN/Examples/Geometry/Ablation_Tests/sphere.stl,140.101591,267.457861,913.620972,0,0,1
59.5,238,1,/home/navraj/TITAN/Examples/Geometry/Ablation_Tests/sphere.stl,140.093992,267.443355,918.002014,0,0,1
59.75,239,1,/home/navraj/TITAN/Examples/Geometry/Ablation_Tests/sphere.stl,140.079424,267.415544,919.732971,0,0,1
60.0,240,1,/home/navraj/TITAN/Examples/Geometry/Ablation_Tests/sphere.stl,140.051123,267.361516,922.963989,0,0,1
60.25,241,1,/home/navraj/TITAN/Examples/Geometry/Ablation_Tests/sphere.stl,140.008358,267.279877,926.77002,0,0,1
60.5,242,1,/home/navraj/TITAN/Examples/Geometry/Ablation_Tests/sphere.stl,139.938664,267.146829,930.484985,0,0,1
60.75,243,1,/home/navraj/TITAN/Examples/Geometry/Ablation_Tests/sphere.stl,139.827171,266.933986,933.18103,0,0,1
61.0,244,1,/home/navraj/TITAN/Examples/Geometry/Ablation_Tests/sphere.stl,139.679627,266.65232,935.784973,0,0,1
61.25,245,1,/home/navraj/TITAN/Examples/Geometry/Ablation_Tests/sphere.stl,139.515691,266.339363,937.961975,0,0,1
61.5,246,1,/home/navraj/TITAN/Examples/Geometry/Ablation_Tests/sphere.stl,139.350232,266.023496,939.072998,0,0,1
61.75,247,1,/home/navraj/TITAN/Examples/Geometry/Ablation_Tests/sphere.stl,139.188507,265.714757,939.192993,0,0,1
62.0,248,1,/home/navraj/TITAN/Examples/Geometry/Ablation_Tests/sphere.stl,139.045706,265.442148,937.872986,0,0,1
62.25,249,1,/home/navraj/TITAN/Examples/Geometry/Ablation_Tests/sphere.stl,138.928602,265.218593,935.968994,0,0,1
62.5,250,1,/home/navraj/TITAN/Examples/Geometry/Ablation_Tests/sphere.stl,138.830976,265.032221,934.356995,0,0,1
62.75,251,1,/home/navraj/TITAN/Examples/Geometry/Ablation_Tests/sphere.stl,138.743954,264.866093,934.026001,0,0,1
63.0,252,1,/home/navraj/TITAN/Examples/Geometry/Ablation_Tests/sphere.stl,138.657991,264.701988,933.844971,0,0,1
63.25,253,1,/home/navraj/TITAN/Examples/Geometry/Ablation_Tests/sphere.stl,138.566783,264.52787,935.786987,0,0,1
63.5,254,1,/home/navraj/TITAN/Examples/Geometry/Ablation_Tests/sphere.stl,138.457536,264.319315,938.30603,0,0,1
63.75,255,1,/home/navraj/TITAN/Examples/Geometry/Ablation_Tests/sphere.stl,138.327315,264.070718,941.344971,0,0,1
64.0,256,1,/home/navraj/TITAN/Examples/Geometry/Ablation_Tests/sphere.stl,138.167868,263.766329,944.380981,0,0,1
64.25,257,1,/home/navraj/TITAN/Examples/Geometry/Ablation_Tests/sphere.stl,137.974986,263.398112,946.427979,0,0,1
64.5,258,1,/home/navraj/TITAN/Examples/Geometry/Ablation_Tests/sphere.stl,137.752233,262.97287,950.299011,0,0,1
64.75,259,1,/home/navraj/TITAN/Examples/Geometry/Ablation_Tests/sphere.stl,137.509638,262.50975,954.351013,0,0,1
65.0,260,1,/home/navraj/TITAN/Examples/Geometry/Ablation_Tests/sphere.stl,137.260356,262.033864,957.671997,0,0,1
65.25,261,1,/home/navraj/TITAN/Examples/Geometry/Ablation_Tests/sphere.stl,137.022393,261.579587,959.841003,0,0,1
65.5,262,1,/home/navraj/TITAN/Examples/Geometry/Ablation_Tests/sphere.stl,136.81422,261.182178,959.437012,0,0,1
65.75,263,1,/home/navraj/TITAN/Examples/Geometry/Ablation_Tests/sphere.stl,136.639515,260.848661,958.528992,0,0,1
66.0,264,1,/home/navraj/TITAN/Examples/Geometry/Ablation_Tests/sphere.stl,136.490209,260.563632,957.038025,0,0,1
66.25,265,1,/home/navraj/TITAN/Examples/Geometry/Ablation_Tests/sphere.stl,136.355044,260.305598,956.354004,0,0,1
66.5,266,1,/home/navraj/TITAN/Examples/Geometry/Ablation_Tests/sphere.stl,136.219048,260.045978,956.012024,0,0,1
66.75,267,1,/home/navraj/TITAN/Examples/Geometry/Ablation_Tests/sphere.stl,136.067507,259.756682,957.039001,0,0,1
67.0,268,1,/home/navraj/TITAN/Examples/Geometry/Ablation_Tests/sphere.stl,135.897259,259.431674,958.927002,0,0,1
67.25,269,1,/home/navraj/TITAN/Examples/Geometry/Ablation_Tests/sphere.stl,135.695067,259.045684,961.273987,0,0,1
67.5,270,1,/home/navraj/TITAN/Examples/Geometry/Ablation_Tests/sphere.stl,135.454742,258.586896,965.289978,0,0,1
67.75,271,1,/home/navraj/TITAN/Examples/Geometry/Ablation_Tests/sphere.stl,135.182272,258.066743,969.171021,0,0,1
68.0,272,1,/home/navraj/TITAN/Examples/Geometry/Ablation_Tests/sphere.stl,134.87931,257.48838,973.130981,0,0,1
68.25,273,1,/home/navraj/TITAN/Examples/Geometry/Ablation_Tests/sphere.stl,134.569434,256.896818,975.065002,0,0,1
68.5,274,1,/home/navraj/TITAN/Examples/Geometry/Ablation_Tests/sphere.stl,134.270308,256.325779,974.969971,0,0,1
68.75,275,1,/home/navraj/TITAN/Examples/Geometry/Ablation_Tests/sphere.stl,134.004339,255.818036,972.992004,0,0,1
69.0,276,1,/home/navraj/TITAN/Examples/Geometry/Ablation_Tests/sphere.stl,133.770193,255.371046,968.947998,0,0,1
69.25,277,1,/home/navraj/TITAN/Examples/Geometry/Ablation_Tests/sphere.stl,133.561346,254.972349,963.721985,0,0,1
69.5,278,1,/home/navraj/TITAN/Examples/Geometry/Ablation_Tests/sphere.stl,133.363821,254.59527,965.765015,0,0,1
69.75,279,1,/home/navraj/TITAN/Examples/Geometry/Ablation_Tests/sphere.stl,133.167373,254.220245,968.448975,0,0,1
70.0,280,1,/home/navraj/TITAN/Examples/Geometry/Ablation_Tests/sphere.stl,132.958017,253.820578,971.841003,0,0,1
70.25,281,1,/home/navraj/TITAN/Examples/Geometry/Ablation_Tests/sphere.stl,132.726028,253.377705,975.828979,0,0,1
70.5,282,1,/home/navraj/TITAN/Examples/Geometry/Ablation_Tests/sphere.stl,132.462549,252.874717,979.591003,0,0,1
70.75,283,1,/home/navraj/TITAN/Examples/Geometry/Ablation_Tests/sphere.stl,132.16727,252.311021,983.455017,0,0,1
71.0,284,1,/home/navraj/TITAN/Examples/Geometry/Ablation_Tests/sphere.stl,131.84335,251.692649,985.752991,0,0,1
71.25,285,1,/home/navraj/TITAN/Examples/Geometry/Ablation_Tests/sphere.stl,131.506653,251.049883,985.778015,0,0,1
71.5,286,1,/home/navraj/TITAN/Examples/Geometry/Ablation_Tests/sphere.stl,131.173122,250.413163,986.505005,0,0,1
71.75,287,1,/home/navraj/TITAN/Examples/Geometry/Ablation_Tests/sphere.stl,130.857479,249.810592,985.132019,0,0,1
72.0,288,1,/home/navraj/TITAN/Examples/Geometry/Ablation_Tests/sphere.stl,130.56893,249.259745,986.560974,0,0,1
72.25,289,1,/home/navraj/TITAN/Examples/Geometry/Ablation_Tests/sphere.stl,130.311792,248.768861,985.857971,0,0,1
72.5,290,1,/home/navraj/TITAN/Examples/Geometry/Ablation_Tests/sphere.stl,130.073309,248.313589,985.661011,0,0,1
72.75,291,1,/home/navraj/TITAN/Examples/Geometry/Ablation_Tests/sphere.stl,129.840909,247.869933,986.129028,0,0,1
73.0,292,1,/home/navraj/TITAN/Examples/Geometry/Ablation_Tests/sphere.stl,129.598694,247.407536,987.348999,0,0,1
73.25,293,1,/home/navraj/TITAN/Examples/Geometry/Ablation_Tests/sphere.stl,129.34091,246.91542,990.315979,0,0,1
73.5,294,1,/home/navraj/TITAN/Examples/Geometry/Ablation_Tests/sphere.stl,129.05246,246.364761,992.426025,0,0,1
73.75,295,1,/home/navraj/TITAN/Examples/Geometry/Ablation_Tests/sphere.stl,128.736835,245.762225,994.68103,0,0,1
74.0,296,1,/home/navraj/TITAN/Examples/Geometry/Ablation_Tests/sphere.stl,128.389062,245.098316,996.215027,0,0,1
74.25,297,1,/home/navraj/TITAN/Examples/Geometry/Ablation_Tests/sphere.stl,128.020608,244.394926,995.848999,0,0,1
74.5,298,1,/home/navraj/TITAN/Examples/Geometry/Ablation_Tests/sphere.stl,127.647082,243.681855,996.617004,0,0,1
74.75,299,1,/home/navraj/TITAN/Examples/Geometry/Ablation_Tests/sphere.stl,127.288837,242.997955,999.278992,0,0,1
75.0,300,1,/home/navraj/TITAN/Examples/Geometry/Ablation_Tests/sphere.stl,126.957409,242.36525,1001.039978,0,0,1
75.25,301,1,/home/navraj/TITAN/Examples/Geometry/Ablation_Tests/sphere.stl,126.657741,241.793176,1000.440002,0,0,1
75.5,302,1,/home/navraj/TITAN/Examples/Geometry/Ablation_Tests/sphere.stl,126.384948,241.272406,998.799011,0,0,1
75.75,303,1,/home/navraj/TITAN/Examples/Geometry/Ablation_Tests/sphere.stl,126.121027,240.768573,998.68103,0,0,1
76.0,304,1,/home/navraj/TITAN/Examples/Geometry/Ablation_Tests/sphere.stl,125.857471,240.265436,999.033997,0,0,1
76.25,305,1,/home/navraj/TITAN/Examples/Geometry/Ablation_Tests/sphere.stl,125.578052,239.732019,1000.369995,0,0,1
76.5,306,1,/home/navraj/TITAN/Examples/Geometry/Ablation_Tests/sphere.stl,125.270917,239.14569,1002.900024,0,0,1
76.75,307,1,/home/navraj/TITAN/Examples/Geometry/Ablation_Tests/sphere.stl,124.932612,238.499855,1005.469971,0,0,1
77.0,308,1,/home/navraj/TITAN/Examples/Geometry/Ablation_Tests/sphere.stl,124.563881,237.795938,1010.169983,0,0,1
77.25,309,1,/home/navraj/TITAN/Examples/Geometry/Ablation_Tests/sphere.stl,124.17582,237.055118,1014.01001,0,0,1
77.5,310,1,/home/navraj/TITAN/Examples/Geometry/Ablation_Tests/sphere.stl,123.782588,236.304428,1015.900024,0,0,1
77.75,311,1,/home/navraj/TITAN/Examples/Geometry/Ablation_Tests/sphere.stl,123.404245,235.582161,1015.27002,0,0,1
