Time,Iter,Assembly_ID,Obj_name,Density,Mass,Max_stress,Yield_stress,Parent_id
0,0,1,Examples/Geometry/Sphere/sphere.stl,150.0,626.115105,0,0,1
0.3,1,1,Examples/Geometry/Sphere/sphere.stl,150.0,626.115105,0,0,1
0.6,2,1,Examples/Geometry/Sphere/sphere.stl,150.0,626.115105,0,0,1
0.9,3,1,Examples/Geometry/Sphere/sphere.stl,150.0,626.115105,0,0,1
1.2,4,1,Examples/Geometry/Sphere/sphere.stl,150.0,626.115105,0,0,1
1.5,5,1,Examples/Geometry/Sphere/sphere.stl,150.0,626.115105,0,0,1
1.8,6,1,Examples/Geometry/Sphere/sphere.stl,150.0,626.115105,0,0,1
2.1,7,1,Examples/Geometry/Sphere/sphere.stl,150.0,626.115105,0,0,1
2.4,8,1,Examples/Geometry/Sphere/sphere.stl,150.0,626.115105,0,0,1
2.7,9,1,Examples/Geometry/Sphere/sphere.stl,150.0,626.115105,0,0,1
3.0,10,1,Examples/Geometry/Sphere/sphere.stl,150.0,626.115105,0,0,1
3.3,11,1,Examples/Geometry/Sphere/sphere.stl,150.0,626.115105,0,0,1
3.6,12,1,Examples/Geometry/Sphere/sphere.stl,150.0,626.115105,0,0,1
3.9,13,1,Examples/Geometry/Sphere/sphere.stl,150.0,626.115105,0,0,1
4.2,14,1,Examples/Geometry/Sphere/sphere.stl,150.0,626.115105,0,0,1
4.5,15,1,Examples/Geometry/Sphere/sphere.stl,150.0,626.115105,0,0,1
4.8,16,1,Examples/Geometry/Sphere/sphere.stl,150.0,626.115105,0,0,1
5.1,17,1,Examples/Geometry/Sphere/sphere.stl,150.0,626.115105,0,0,1
5.4,18,1,Examples/Geometry/Sphere/sphere.stl,150.0,626.115105,0,0,1
5.7,19,1,Examples/Geometry/Sphere/sphere.stl,150.0,626.115105,0,0,1
6.0,20,1,Examples/Geometry/Sphere/sphere.stl,150.0,626.115105,0,0,1
6.3,21,1,Examples/Geometry/Sphere/sphere.stl,150.0,626.115105,0,0,1
6.6,22,1,Examples/Geometry/Sphere/sphere.stl,150.0,626.115105,0,0,1
6.9,23,1,Examples/Geometry/Sphere/sphere.stl,150.0,626.115105,0,0,1
7.2,24,1,Examples/Geometry/Sphere/sphere.stl,150.0,626.115105,0,0,1
7.5,25,1,Examples/Geometry/Sphere/sphere.stl,150.0,626.115105,0,0,1
7.8,26,1,Examples/Geometry/Sphere/sphere.stl,150.0,626.115105,0,0,1
8.1,27,1,Examples/Geometry/Sphere/sphere.stl,150.0,626.115105,0,0,1
8.4,28,1,Examples/Geometry/Sphere/sphere.stl,150.0,626.115105,0,0,1
8.7,29,1,Examples/Geometry/Sphere/sphere.stl,150.0,626.115105,0,0,1
9.0,30,1,Examples/Geometry/Sphere/sphere.stl,150.0,626.115105,0,0,1
9.3,31,1,Examples/Geometry/Sphere/sphere.stl,150.0,626.115105,0,0,1
9.6,32,1,Examples/Geometry/Sphere/sphere.stl,150.0,626.115105,0,0,1
9.9,33,1,Examples/Geometry/Sphere/sphere.stl,150.0,626.115105,0,0,1
10.2,34,1,Examples/Geometry/Sphere/sphere.stl,150.0,626.115105,0,0,1
10.5,35,1,Examples/Geometry/Sphere/sphere.stl,150.0,626.115105,0,0,1
10.8,36,1,Examples/Geometry/Sphere/sphere.stl,150.0,626.115105,0,0,1
11.1,37,1,Examples/Geometry/Sphere/sphere.stl,150.0,626.115105,0,0,1
11.4,38,1,Examples/Geometry/Sphere/sphere.stl,150.0,626.115105,0,0,1
11.7,39,1,Examples/Geometry/Sphere/sphere.stl,150.0,626.115105,0,0,1
12.0,40,1,Examples/Geometry/Sphere/sphere.stl,150.0,626.115105,0,0,1
12.3,41,1,Examples/Geometry/Sphere/sphere.stl,150.0,626.115105,0,0,1
12.6,42,1,Examples/Geometry/Sphere/sphere.stl,150.0,626.115105,0,0,1
12.9,43,1,Examples/Geometry/Sphere/sphere.stl,150.0,626.115105,0,0,1
13.2,44,1,Examples/Geometry/Sphere/sphere.stl,150.0,626.115105,0,0,1
13.5,45,1,Examples/Geometry/Sphere/sphere.stl,150.0,626.115105,0,0,1
13.8,46,1,Examples/Geometry/Sphere/sphere.stl,150.0,626.115105,0,0,1
14.1,47,1,Examples/Geometry/Sphere/sphere.stl,150.0,626.115105,0,0,1
14.4,48,1,Examples/Geometry/Sphere/sphere.stl,150.0,626.115105,0,0,1
14.7,49,1,Examples/Geometry/Sphere/sphere.stl,150.0,626.115105,0,0,1
15.0,50,1,Examples/Geometry/Sphere/sphere.stl,150.0,626.115105,0,0,1
15.3,51,1,Examples/Geometry/Sphere/sphere.stl,150.0,626.115105,0,0,1
15.6,52,1,Examples/Geometry/Sphere/sphere.stl,150.0,626.115105,0,0,1
15.9,53,1,Examples/Geometry/Sphere/sphere.stl,150.0,626.115105,0,0,1
16.2,54,1,Examples/Geometry/Sphere/sphere.stl,150.0,626.115105,0,0,1
16.5,55,1,Examples/Geometry/Sphere/sphere.stl,150.0,626.115105,0,0,1
16.8,56,1,Examples/Geometry/Sphere/sphere.stl,150.0,626.115105,0,0,1
17.1,57,1,Examples/Geometry/Sphere/sphere.stl,150.0,626.115105,0,0,1
17.4,58,1,Examples/Geometry/Sphere/sphere.stl,150.0,626.115105,0,0,1
17.7,59,1,Examples/Geometry/Sphere/sphere.stl,150.0,626.115105,0,0,1
18.0,60,1,Examples/Geometry/Sphere/sphere.stl,150.0,626.115105,0,0,1
18.3,61,1,Examples/Geometry/Sphere/sphere.stl,150.0,626.115105,0,0,1
18.6,62,1,Examples/Geometry/Sphere/sphere.stl,150.0,626.115105,0,0,1
18.9,63,1,Examples/Geometry/Sphere/sphere.stl,150.0,626.115105,0,0,1
19.2,64,1,Examples/Geometry/Sphere/sphere.stl,150.0,626.115105,0,0,1
19.5,65,1,Examples/Geometry/Sphere/sphere.stl,150.0,626.115105,0,0,1
19.8,66,1,Examples/Geometry/Sphere/sphere.stl,150.0,626.115105,0,0,1
20.1,67,1,Examples/Geometry/Sphere/sphere.stl,150.0,626.115105,0,0,1
20.4,68,1,Examples/Geometry/Sphere/sphere.stl,150.0,626.115105,0,0,1
20.7,69,1,Examples/Geometry/Sphere/sphere.stl,150.0,626.115105,0,0,1
21.0,70,1,Examples/Geometry/Sphere/sphere.stl,150.0,626.115105,0,0,1
21.3,71,1,Examples/Geometry/Sphere/sphere.stl,150.0,626.115105,0,0,1
21.6,72,1,Examples/Geometry/Sphere/sphere.stl,150.0,626.115105,0,0,1
21.9,73,1,Examples/Geometry/Sphere/sphere.stl,150.0,626.115105,0,0,1
22.2,74,1,Examples/Geometry/Sphere/sphere.stl,150.0,626.115105,0,0,1
22.5,75,1,Examples/Geometry/Sphere/sphere.stl,150.0,626.115105,0,0,1
22.8,76,1,Examples/Geometry/Sphere/sphere.stl,150.0,626.115105,0,0,1
23.1,77,1,Examples/Geometry/Sphere/sphere.stl,150.0,626.115105,0,0,1
23.4,78,1,Examples/Geometry/Sphere/sphere.stl,150.0,626.115105,0,0,1
23.7,79,1,Examples/Geometry/Sphere/sphere.stl,150.0,626.115105,0,0,1
24.0,80,1,Examples/Geometry/Sphere/sphere.stl,150.0,626.115105,0,0,1
24.3,81,1,Examples/Geometry/Sphere/sphere.stl,150.0,626.115105,0,0,1
24.6,82,1,Examples/Geometry/Sphere/sphere.stl,150.0,626.115105,0,0,1
24.9,83,1,Examples/Geometry/Sphere/sphere.stl,150.0,626.115105,0,0,1
25.2,84,1,Examples/Geometry/Sphere/sphere.stl,150.0,626.115105,0,0,1
25.5,85,1,Examples/Geometry/Sphere/sphere.stl,150.0,626.115105,0,0,1
25.8,86,1,Examples/Geometry/Sphere/sphere.stl,150.0,626.115105,0,0,1
26.1,87,1,Examples/Geometry/Sphere/sphere.stl,150.0,626.115105,0,0,1
26.4,88,1,Examples/Geometry/Sphere/sphere.stl,150.0,626.115105,0,0,1
26.7,89,1,Examples/Geometry/Sphere/sphere.stl,150.0,626.115105,0,0,1
27.0,90,1,Examples/Geometry/Sphere/sphere.stl,150.0,626.115105,0,0,1
27.3,91,1,Examples/Geometry/Sphere/sphere.stl,150.0,626.115105,0,0,1
27.6,92,1,Examples/Geometry/Sphere/sphere.stl,150.0,626.115105,0,0,1
27.9,93,1,Examples/Geometry/Sphere/sphere.stl,150.0,626.115105,0,0,1
28.2,94,1,Examples/Geometry/Sphere/sphere.stl,150.0,626.115105,0,0,1
28.5,95,1,Examples/Geometry/Sphere/sphere.stl,150.0,626.115105,0,0,1
28.8,96,1,Examples/Geometry/Sphere/sphere.stl,150.0,626.115105,0,0,1
29.1,97,1,Examples/Geometry/Sphere/sphere.stl,150.0,626.115105,0,0,1
29.4,98,1,Examples/Geometry/Sphere/sphere.stl,150.0,626.115105,0,0,1
29.7,99,1,Examples/Geometry/Sphere/sphere.stl,150.0,626.115105,0,0,1
30.0,100,1,Examples/Geometry/Sphere/sphere.stl,150.0,626.115105,0,0,1
30.3,101,1,Examples/Geometry/Sphere/sphere.stl,150.0,626.115105,0,0,1
30.6,102,1,Examples/Geometry/Sphere/sphere.stl,150.0,626.115105,0,0,1
30.9,103,1,Examples/Geometry/Sphere/sphere.stl,150.0,626.115105,0,0,1
31.2,104,1,Examples/Geometry/Sphere/sphere.stl,150.0,626.115105,0,0,1
31.5,105,1,Examples/Geometry/Sphere/sphere.stl,150.0,626.115105,0,0,1
31.8,106,1,Examples/Geometry/Sphere/sphere.stl,150.0,626.115105,0,0,1
32.1,107,1,Examples/Geometry/Sphere/sphere.stl,150.0,626.115105,0,0,1
32.4,108,1,Examples/Geometry/Sphere/sphere.stl,150.0,626.115105,0,0,1
32.7,109,1,Examples/Geometry/Sphere/sphere.stl,150.0,626.115105,0,0,1
33.0,110,1,Examples/Geometry/Sphere/sphere.stl,150.0,626.115105,0,0,1
33.3,111,1,Examples/Geometry/Sphere/sphere.stl,150.0,626.115105,0,0,1
33.6,112,1,Examples/Geometry/Sphere/sphere.stl,150.0,626.115105,0,0,1
33.9,113,1,Examples/Geometry/Sphere/sphere.stl,150.0,626.115105,0,0,1
34.2,114,1,Examples/Geometry/Sphere/sphere.stl,150.0,626.115105,0,0,1
34.5,115,1,Examples/Geometry/Sphere/sphere.stl,150.0,626.115105,0,0,1
34.8,116,1,Examples/Geometry/Sphere/sphere.stl,150.0,626.115105,0,0,1
35.1,117,1,Examples/Geometry/Sphere/sphere.stl,150.0,626.115105,0,0,1
35.4,118,1,Examples/Geometry/Sphere/sphere.stl,150.0,626.115105,0,0,1
35.7,119,1,Examples/Geometry/Sphere/sphere.stl,150.0,626.115105,0,0,1
36.0,120,1,Examples/Geometry/Sphere/sphere.stl,150.0,626.115105,0,0,1
36.3,121,1,Examples/Geometry/Sphere/sphere.stl,150.0,626.115105,0,0,1
36.6,122,1,Examples/Geometry/Sphere/sphere.stl,150.0,626.115105,0,0,1
36.9,123,1,Examples/Geometry/Sphere/sphere.stl,150.0,626.115105,0,0,1
37.2,124,1,Examples/Geometry/Sphere/sphere.stl,150.0,626.115105,0,0,1
37.5,125,1,Examples/Geometry/Sphere/sphere.stl,150.0,626.115105,0,0,1
37.8,126,1,Examples/Geometry/Sphere/sphere.stl,150.0,626.115105,0,0,1
38.1,127,1,Examples/Geometry/Sphere/sphere.stl,150.0,626.115105,0,0,1
38.4,128,1,Examples/Geometry/Sphere/sphere.stl,150.0,626.115105,0,0,1
38.7,129,1,Examples/Geometry/Sphere/sphere.stl,150.0,626.115105,0,0,1
39.0,130,1,Examples/Geometry/Sphere/sphere.stl,150.0,626.115105,0,0,1
39.3,131,1,Examples/Geometry/Sphere/sphere.stl,150.0,626.115105,0,0,1
39.6,132,1,Examples/Geometry/Sphere/sphere.stl,150.0,626.115105,0,0,1
39.9,133,1,Examples/Geometry/Sphere/sphere.stl,150.0,626.115105,0,0,1
40.2,134,1,Examples/Geometry/Sphere/sphere.stl,150.0,626.115105,0,0,1
40.5,135,1,Examples/Geometry/Sphere/sphere.stl,150.0,626.115105,0,0,1
40.8,136,1,Examples/Geometry/Sphere/sphere.stl,150.0,626.115105,0,0,1
41.1,137,1,Examples/Geometry/Sphere/sphere.stl,150.0,626.115105,0,0,1
41.4,138,1,Examples/Geometry/Sphere/sphere.stl,150.0,626.115105,0,0,1
41.7,139,1,Examples/Geometry/Sphere/sphere.stl,150.0,626.115105,0,0,1
42.0,140,1,Examples/Geometry/Sphere/sphere.stl,150.0,626.115105,0,0,1
42.3,141,1,Examples/Geometry/Sphere/sphere.stl,150.0,626.115105,0,0,1
42.6,142,1,Examples/Geometry/Sphere/sphere.stl,150.0,626.115105,0,0,1
42.9,143,1,Examples/Geometry/Sphere/sphere.stl,150.0,626.115105,0,0,1
43.2,144,1,Examples/Geometry/Sphere/sphere.stl,150.0,626.115105,0,0,1
43.5,145,1,Examples/Geometry/Sphere/sphere.stl,150.0,626.115105,0,0,1
43.8,146,1,Examples/Geometry/Sphere/sphere.stl,150.0,626.115105,0,0,1
44.1,147,1,Examples/Geometry/Sphere/sphere.stl,150.0,626.115105,0,0,1
44.4,148,1,Examples/Geometry/Sphere/sphere.stl,150.0,626.115105,0,0,1
44.7,149,1,Examples/Geometry/Sphere/sphere.stl,150.0,626.115105,0,0,1
45.0,150,1,Examples/Geometry/Sphere/sphere.stl,150.0,626.115105,0,0,1
45.3,151,1,Examples/Geometry/Sphere/sphere.stl,150.0,626.115105,0,0,1
45.6,152,1,Examples/Geometry/Sphere/sphere.stl,150.0,626.115105,0,0,1
45.9,153,1,Examples/Geometry/Sphere/sphere.stl,150.0,626.115105,0,0,1
46.2,154,1,Examples/Geometry/Sphere/sphere.stl,150.0,626.115105,0,0,1
46.5,155,1,Examples/Geometry/Sphere/sphere.stl,150.0,626.115105,0,0,1
46.8,156,1,Examples/Geometry/Sphere/sphere.stl,150.0,626.115105,0,0,1
47.1,157,1,Examples/Geometry/Sphere/sphere.stl,150.0,626.115105,0,0,1
47.4,158,1,Examples/Geometry/Sphere/sphere.stl,150.0,626.115105,0,0,1
47.7,159,1,Examples/Geometry/Sphere/sphere.stl,150.0,626.115105,0,0,1
48.0,160,1,Examples/Geometry/Sphere/sphere.stl,150.0,626.115105,0,0,1
48.3,161,1,Examples/Geometry/Sphere/sphere.stl,150.0,626.115105,0,0,1
48.6,162,1,Examples/Geometry/Sphere/sphere.stl,150.0,626.115105,0,0,1
48.9,163,1,Examples/Geometry/Sphere/sphere.stl,150.0,626.115105,0,0,1
49.2,164,1,Examples/Geometry/Sphere/sphere.stl,150.0,626.115105,0,0,1
49.5,165,1,Examples/Geometry/Sphere/sphere.stl,150.0,626.115105,0,0,1
49.8,166,1,Examples/Geometry/Sphere/sphere.stl,150.0,626.115105,0,0,1
50.1,167,1,Examples/Geometry/Sphere/sphere.stl,150.0,626.115105,0,0,1
50.4,168,1,Examples/Geometry/Sphere/sphere.stl,150.0,626.115105,0,0,1
50.7,169,1,Examples/Geometry/Sphere/sphere.stl,150.0,626.115105,0,0,1
51.0,170,1,Examples/Geometry/Sphere/sphere.stl,150.0,626.115105,0,0,1
51.3,171,1,Examples/Geometry/Sphere/sphere.stl,150.0,626.115105,0,0,1
51.6,172,1,Examples/Geometry/Sphere/sphere.stl,150.0,626.115105,0,0,1
51.9,173,1,Examples/Geometry/Sphere/sphere.stl,150.0,626.115105,0,0,1
52.2,174,1,Examples/Geometry/Sphere/sphere.stl,150.0,626.115105,0,0,1
52.5,175,1,Examples/Geometry/Sphere/sphere.stl,150.0,626.115105,0,0,1
52.8,176,1,Examples/Geometry/Sphere/sphere.stl,150.0,626.115105,0,0,1
53.1,177,1,Examples/Geometry/Sphere/sphere.stl,150.0,626.115105,0,0,1
53.4,178,1,Examples/Geometry/Sphere/sphere.stl,150.0,626.115105,0,0,1
53.7,179,1,Examples/Geometry/Sphere/sphere.stl,150.0,626.115105,0,0,1
54.0,180,1,Examples/Geometry/Sphere/sphere.stl,150.0,626.115105,0,0,1
54.3,181,1,Examples/Geometry/Sphere/sphere.stl,150.0,626.115105,0,0,1
54.6,182,1,Examples/Geometry/Sphere/sphere.stl,150.0,626.115105,0,0,1
54.9,183,1,Examples/Geometry/Sphere/sphere.stl,150.0,626.115105,0,0,1
55.2,184,1,Examples/Geometry/Sphere/sphere.stl,150.0,626.115105,0,0,1
55.5,185,1,Examples/Geometry/Sphere/sphere.stl,150.0,626.115105,0,0,1
55.8,186,1,Examples/Geometry/Sphere/sphere.stl,150.0,626.115105,0,0,1
56.1,187,1,Examples/Geometry/Sphere/sphere.stl,150.0,626.115105,0,0,1
56.4,188,1,Examples/Geometry/Sphere/sphere.stl,150.0,626.115105,0,0,1
56.7,189,1,Examples/Geometry/Sphere/sphere.stl,150.0,626.115105,0,0,1
57.0,190,1,Examples/Geometry/Sphere/sphere.stl,150.0,626.115105,0,0,1
57.3,191,1,Examples/Geometry/Sphere/sphere.stl,150.0,626.115105,0,0,1
57.6,192,1,Examples/Geometry/Sphere/sphere.stl,150.0,626.115105,0,0,1
57.9,193,1,Examples/Geometry/Sphere/sphere.stl,150.0,626.115105,0,0,1
58.2,194,1,Examples/Geometry/Sphere/sphere.stl,150.0,626.115105,0,0,1
58.5,195,1,Examples/Geometry/Sphere/sphere.stl,150.0,626.115105,0,0,1
58.8,196,1,Examples/Geometry/Sphere/sphere.stl,150.0,626.115105,0,0,1
59.1,197,1,Examples/Geometry/Sphere/sphere.stl,150.0,626.115105,0,0,1
59.4,198,1,Examples/Geometry/Sphere/sphere.stl,150.0,626.115105,0,0,1
59.7,199,1,Examples/Geometry/Sphere/sphere.stl,150.0,626.115105,0,0,1
60.0,200,1,Examples/Geometry/Sphere/sphere.stl,150.0,626.115105,0,0,1
60.3,201,1,Examples/Geometry/Sphere/sphere.stl,150.0,626.115105,0,0,1
60.6,202,1,Examples/Geometry/Sphere/sphere.stl,150.0,626.115105,0,0,1
60.9,203,1,Examples/Geometry/Sphere/sphere.stl,150.0,626.115105,0,0,1
61.2,204,1,Examples/Geometry/Sphere/sphere.stl,150.0,626.115105,0,0,1
61.5,205,1,Examples/Geometry/Sphere/sphere.stl,150.0,626.115105,0,0,1
61.8,206,1,Examples/Geometry/Sphere/sphere.stl,150.0,626.115105,0,0,1
62.1,207,1,Examples/Geometry/Sphere/sphere.stl,150.0,626.115105,0,0,1
62.4,208,1,Examples/Geometry/Sphere/sphere.stl,150.0,626.115105,0,0,1
62.7,209,1,Examples/Geometry/Sphere/sphere.stl,150.0,626.115105,0,0,1
63.0,210,1,Examples/Geometry/Sphere/sphere.stl,150.0,626.115105,0,0,1
63.3,211,1,Examples/Geometry/Sphere/sphere.stl,150.0,626.115105,0,0,1
63.6,212,1,Examples/Geometry/Sphere/sphere.stl,150.0,626.115105,0,0,1
63.9,213,1,Examples/Geometry/Sphere/sphere.stl,150.0,626.115105,0,0,1
64.2,214,1,Examples/Geometry/Sphere/sphere.stl,150.0,626.115105,0,0,1
64.5,215,1,Examples/Geometry/Sphere/sphere.stl,150.0,626.115105,0,0,1
64.8,216,1,Examples/Geometry/Sphere/sphere.stl,150.0,626.115105,0,0,1
65.1,217,1,Examples/Geometry/Sphere/sphere.stl,150.0,626.115105,0,0,1
65.4,218,1,Examples/Geometry/Sphere/sphere.stl,150.0,626.115105,0,0,1
65.7,219,1,Examples/Geometry/Sphere/sphere.stl,150.0,626.115105,0,0,1
66.0,220,1,Examples/Geometry/Sphere/sphere.stl,150.0,626.115105,0,0,1
66.3,221,1,Examples/Geometry/Sphere/sphere.stl,150.0,626.115105,0,0,1
66.6,222,1,Examples/Geometry/Sphere/sphere.stl,150.0,626.115105,0,0,1
66.9,223,1,Examples/Geometry/Sphere/sphere.stl,150.0,626.115105,0,0,1
67.2,224,1,Examples/Geometry/Sphere/sphere.stl,150.0,626.115105,0,0,1
67.5,225,1,Examples/Geometry/Sphere/sphere.stl,150.0,626.115105,0,0,1
67.8,226,1,Examples/Geometry/Sphere/sphere.stl,150.0,626.115105,0,0,1
68.1,227,1,Examples/Geometry/Sphere/sphere.stl,150.0,626.115105,0,0,1
68.4,228,1,Examples/Geometry/Sphere/sphere.stl,150.0,626.115105,0,0,1
68.7,229,1,Examples/Geometry/Sphere/sphere.stl,150.0,626.115105,0,0,1
69.0,230,1,Examples/Geometry/Sphere/sphere.stl,150.0,626.115105,0,0,1
69.3,231,1,Examples/Geometry/Sphere/sphere.stl,150.0,626.115105,0,0,1
69.6,232,1,Examples/Geometry/Sphere/sphere.stl,150.0,626.115105,0,0,1
69.9,233,1,Examples/Geometry/Sphere/sphere.stl,150.0,626.115105,0,0,1
70.2,234,1,Examples/Geometry/Sphere/sphere.stl,150.0,626.115105,0,0,1
70.5,235,1,Examples/Geometry/Sphere/sphere.stl,150.0,626.115105,0,0,1
70.8,236,1,Examples/Geometry/Sphere/sphere.stl,150.0,626.115105,0,0,1
71.1,237,1,Examples/Geometry/Sphere/sphere.stl,150.0,626.115105,0,0,1
71.4,238,1,Examples/Geometry/Sphere/sphere.stl,150.0,626.115105,0,0,1
71.7,239,1,Examples/Geometry/Sphere/sphere.stl,150.0,626.115105,0,0,1
72.0,240,1,Examples/Geometry/Sphere/sphere.stl,150.0,626.115105,0,0,1
72.3,241,1,Examples/Geometry/Sphere/sphere.stl,150.0,626.115105,0,0,1
72.6,242,1,Examples/Geometry/Sphere/sphere.stl,150.0,626.115105,0,0,1
72.9,243,1,Examples/Geometry/Sphere/sphere.stl,150.0,626.115105,0,0,1
73.2,244,1,Examples/Geometry/Sphere/sphere.stl,150.0,626.115105,0,0,1
73.5,245,1,Examples/Geometry/Sphere/sphere.stl,150.0,626.115105,0,0,1
73.8,246,1,Examples/Geometry/Sphere/sphere.stl,150.0,626.115105,0,0,1
74.1,247,1,Examples/Geometry/Sphere/sphere.stl,150.0,626.115105,0,0,1
74.4,248,1,Examples/Geometry/Sphere/sphere.stl,150.0,626.115105,0,0,1
74.7,249,1,Examples/Geometry/Sphere/sphere.stl,150.0,626.115105,0,0,1
75.0,250,1,Examples/Geometry/Sphere/sphere.stl,150.0,626.115105,0,0,1
75.3,251,1,Examples/Geometry/Sphere/sphere.stl,150.0,626.115105,0,0,1
75.6,252,1,Examples/Geometry/Sphere/sphere.stl,150.0,626.115105,0,0,1
75.9,253,1,Examples/Geometry/Sphere/sphere.stl,150.0,626.115105,0,0,1
76.2,254,1,Examples/Geometry/Sphere/sphere.stl,150.0,626.115105,0,0,1
76.5,255,1,Examples/Geometry/Sphere/sphere.stl,150.0,626.115105,0,0,1
76.8,256,1,Examples/Geometry/Sphere/sphere.stl,150.0,626.115105,0,0,1
77.1,257,1,Examples/Geometry/Sphere/sphere.stl,150.0,626.115105,0,0,1
77.4,258,1,Examples/Geometry/Sphere/sphere.stl,150.0,626.115105,0,0,1
77.7,259,1,Examples/Geometry/Sphere/sphere.stl,150.0,626.115105,0,0,1
78.0,260,1,Examples/Geometry/Sphere/sphere.stl,150.0,626.115105,0,0,1
78.3,261,1,Examples/Geometry/Sphere/sphere.stl,150.0,626.115105,0,0,1
78.6,262,1,Examples/Geometry/Sphere/sphere.stl,150.0,626.115105,0,0,1
78.9,263,1,Examples/Geometry/Sphere/sphere.stl,150.0,626.115105,0,0,1
79.2,264,1,Examples/Geometry/Sphere/sphere.stl,150.0,626.115105,0,0,1
79.5,265,1,Examples/Geometry/Sphere/sphere.stl,150.0,626.115105,0,0,1
79.8,266,1,Examples/Geometry/Sphere/sphere.stl,150.0,626.115105,0,0,1
80.1,267,1,Examples/Geometry/Sphere/sphere.stl,150.0,626.115105,0,0,1
80.4,268,1,Examples/Geometry/Sphere/sphere.stl,150.0,626.115105,0,0,1
80.7,269,1,Examples/Geometry/Sphere/sphere.stl,150.0,626.115105,0,0,1
81.0,270,1,Examples/Geometry/Sphere/sphere.stl,150.0,626.115105,0,0,1
81.3,271,1,Examples/Geometry/Sphere/sphere.stl,150.0,626.115105,0,0,1
81.6,272,1,Examples/Geometry/Sphere/sphere.stl,150.0,626.115105,0,0,1
81.9,273,1,Examples/Geometry/Sphere/sphere.stl,150.0,626.115105,0,0,1
82.2,274,1,Examples/Geometry/Sphere/sphere.stl,150.0,626.115105,0,0,1
82.5,275,1,Examples/Geometry/Sphere/sphere.stl,150.0,626.115105,0,0,1
82.8,276,1,Examples/Geometry/Sphere/sphere.stl,150.0,626.115105,0,0,1
83.1,277,1,Examples/Geometry/Sphere/sphere.stl,150.0,626.115105,0,0,1
83.4,278,1,Examples/Geometry/Sphere/sphere.stl,150.0,626.115105,0,0,1
83.7,279,1,Examples/Geometry/Sphere/sphere.stl,150.0,626.115105,0,0,1
84.0,280,1,Examples/Geometry/Sphere/sphere.stl,150.0,626.115105,0,0,1
84.3,281,1,Examples/Geometry/Sphere/sphere.stl,150.0,626.115105,0,0,1
84.6,282,1,Examples/Geometry/Sphere/sphere.stl,150.0,626.115105,0,0,1
84.9,283,1,Examples/Geometry/Sphere/sphere.stl,150.0,626.115105,0,0,1
85.2,284,1,Examples/Geometry/Sphere/sphere.stl,150.0,626.115105,0,0,1
85.5,285,1,Examples/Geometry/Sphere/sphere.stl,150.0,626.115105,0,0,1
85.8,286,1,Examples/Geometry/Sphere/sphere.stl,150.0,626.115105,0,0,1
86.1,287,1,Examples/Geometry/Sphere/sphere.stl,150.0,626.115105,0,0,1
86.4,288,1,Examples/Geometry/Sphere/sphere.stl,150.0,626.115105,0,0,1
86.7,289,1,Examples/Geometry/Sphere/sphere.stl,150.0,626.115105,0,0,1
87.0,290,1,Examples/Geometry/Sphere/sphere.stl,150.0,626.115105,0,0,1
87.3,291,1,Examples/Geometry/Sphere/sphere.stl,150.0,626.115105,0,0,1
87.6,292,1,Examples/Geometry/Sphere/sphere.stl,150.0,626.115105,0,0,1
87.9,293,1,Examples/Geometry/Sphere/sphere.stl,150.0,626.115105,0,0,1
88.2,294,1,Examples/Geometry/Sphere/sphere.stl,150.0,626.115105,0,0,1
88.5,295,1,Examples/Geometry/Sphere/sphere.stl,150.0,626.115105,0,0,1
88.8,296,1,Examples/Geometry/Sphere/sphere.stl,150.0,626.115105,0,0,1
89.1,297,1,Examples/Geometry/Sphere/sphere.stl,150.0,626.115105,0,0,1
89.4,298,1,Examples/Geometry/Sphere/sphere.stl,150.0,626.115105,0,0,1
89.7,299,1,Examples/Geometry/Sphere/sphere.stl,150.0,626.115105,0,0,1
90.0,300,1,Examples/Geometry/Sphere/sphere.stl,150.0,626.115105,0,0,1
90.3,301,1,Examples/Geometry/Sphere/sphere.stl,150.0,626.115105,0,0,1
90.6,302,1,Examples/Geometry/Sphere/sphere.stl,150.0,626.115105,0,0,1
90.9,303,1,Examples/Geometry/Sphere/sphere.stl,150.0,626.115105,0,0,1
91.2,304,1,Examples/Geometry/Sphere/sphere.stl,150.0,626.115105,0,0,1
91.5,305,1,Examples/Geometry/Sphere/sphere.stl,150.0,626.115105,0,0,1
91.8,306,1,Examples/Geometry/Sphere/sphere.stl,150.0,626.115105,0,0,1
92.1,307,1,Examples/Geometry/Sphere/sphere.stl,150.0,626.115105,0,0,1
92.4,308,1,Examples/Geometry/Sphere/sphere.stl,150.0,626.115105,0,0,1
92.7,309,1,Examples/Geometry/Sphere/sphere.stl,150.0,626.115105,0,0,1
93.0,310,1,Examples/Geometry/Sphere/sphere.stl,150.0,626.115105,0,0,1
93.3,311,1,Examples/Geometry/Sphere/sphere.stl,150.0,626.115105,0,0,1
93.6,312,1,Examples/Geometry/Sphere/sphere.stl,150.0,626.115105,0,0,1
93.9,313,1,Examples/Geometry/Sphere/sphere.stl,150.0,626.115105,0,0,1
94.2,314,1,Examples/Geometry/Sphere/sphere.stl,150.0,626.115105,0,0,1
94.5,315,1,Examples/Geometry/Sphere/sphere.stl,150.0,626.115105,0,0,1
94.8,316,1,Examples/Geometry/Sphere/sphere.stl,150.0,626.115105,0,0,1
95.1,317,1,Examples/Geometry/Sphere/sphere.stl,150.0,626.115105,0,0,1
95.4,318,1,Examples/Geometry/Sphere/sphere.stl,150.0,626.115105,0,0,1
95.7,319,1,Examples/Geometry/Sphere/sphere.stl,150.0,626.115105,0,0,1
96.0,320,1,Examples/Geometry/Sphere/sphere.stl,150.0,626.115105,0,0,1
96.3,321,1,Examples/Geometry/Sphere/sphere.stl,150.0,626.115105,0,0,1
96.6,322,1,Examples/Geometry/Sphere/sphere.stl,150.0,626.115105,0,0,1
96.9,323,1,Examples/Geometry/Sphere/sphere.stl,150.0,626.115105,0,0,1
97.2,324,1,Examples/Geometry/Sphere/sphere.stl,150.0,626.115105,0,0,1
97.5,325,1,Examples/Geometry/Sphere/sphere.stl,150.0,626.115105,0,0,1
97.8,326,1,Examples/Geometry/Sphere/sphere.stl,150.0,626.115105,0,0,1
98.1,327,1,Examples/Geometry/Sphere/sphere.stl,150.0,626.115105,0,0,1
98.4,328,1,Examples/Geometry/Sphere/sphere.stl,150.0,626.115105,0,0,1
98.7,329,1,Examples/Geometry/Sphere/sphere.stl,150.0,626.115105,0,0,1
99.0,330,1,Examples/Geometry/Sphere/sphere.stl,150.0,626.115105,0,0,1
99.3,331,1,Examples/Geometry/Sphere/sphere.stl,150.0,626.115105,0,0,1
99.6,332,1,Examples/Geometry/Sphere/sphere.stl,150.0,626.115105,0,0,1
99.9,333,1,Examples/Geometry/Sphere/sphere.stl,150.0,626.115105,0,0,1
100.2,334,1,Examples/Geometry/Sphere/sphere.stl,150.0,626.115105,0,0,1
100.5,335,1,Examples/Geometry/Sphere/sphere.stl,150.0,626.115105,0,0,1
100.8,336,1,Examples/Geometry/Sphere/sphere.stl,150.0,626.115105,0,0,1
101.1,337,1,Examples/Geometry/Sphere/sphere.stl,150.0,626.115105,0,0,1
101.4,338,1,Examples/Geometry/Sphere/sphere.stl,150.0,626.115105,0,0,1
101.7,339,1,Examples/Geometry/Sphere/sphere.stl,150.0,626.115105,0,0,1
102.0,340,1,Examples/Geometry/Sphere/sphere.stl,150.0,626.115105,0,0,1
102.3,341,1,Examples/Geometry/Sphere/sphere.stl,150.0,626.115105,0,0,1
102.6,342,1,Examples/Geometry/Sphere/sphere.stl,150.0,626.115105,0,0,1
102.9,343,1,Examples/Geometry/Sphere/sphere.stl,150.0,626.115105,0,0,1
103.2,344,1,Examples/Geometry/Sphere/sphere.stl,150.0,626.115105,0,0,1
103.5,345,1,Examples/Geometry/Sphere/sphere.stl,150.0,626.115105,0,0,1
103.8,346,1,Examples/Geometry/Sphere/sphere.stl,150.0,626.115105,0,0,1
104.1,347,1,Examples/Geometry/Sphere/sphere.stl,150.0,626.115105,0,0,1
104.4,348,1,Examples/Geometry/Sphere/sphere.stl,150.0,626.115105,0,0,1
104.7,349,1,Examples/Geometry/Sphere/sphere.stl,150.0,626.115105,0,0,1
105.0,350,1,Examples/Geometry/Sphere/sphere.stl,150.0,626.115105,0,0,1
105.3,351,1,Examples/Geometry/Sphere/sphere.stl,150.0,626.115105,0,0,1
105.6,352,1,Examples/Geometry/Sphere/sphere.stl,150.0,626.115105,0,0,1
105.9,353,1,Examples/Geometry/Sphere/sphere.stl,150.0,626.115105,0,0,1
106.2,354,1,Examples/Geometry/Sphere/sphere.stl,150.0,626.115105,0,0,1
106.5,355,1,Examples/Geometry/Sphere/sphere.stl,150.0,626.115105,0,0,1
106.8,356,1,Examples/Geometry/Sphere/sphere.stl,150.0,626.115105,0,0,1
107.1,357,1,Examples/Geometry/Sphere/sphere.stl,150.0,626.115105,0,0,1
107.4,358,1,Examples/Geometry/Sphere/sphere.stl,150.0,626.115105,0,0,1
107.7,359,1,Examples/Geometry/Sphere/sphere.stl,150.0,626.115105,0,0,1
108.0,360,1,Examples/Geometry/Sphere/sphere.stl,150.0,626.115105,0,0,1
108.3,361,1,Examples/Geometry/Sphere/sphere.stl,150.0,626.115105,0,0,1
108.6,362,1,Examples/Geometry/Sphere/sphere.stl,150.0,626.115105,0,0,1
108.9,363,1,Examples/Geometry/Sphere/sphere.stl,150.0,626.115105,0,0,1
109.2,364,1,Examples/Geometry/Sphere/sphere.stl,150.0,626.115105,0,0,1
109.5,365,1,Examples/Geometry/Sphere/sphere.stl,150.0,626.115105,0,0,1
109.8,366,1,Examples/Geometry/Sphere/sphere.stl,150.0,626.115105,0,0,1
110.1,367,1,Examples/Geometry/Sphere/sphere.stl,150.0,626.115105,0,0,1
110.4,368,1,Examples/Geometry/Sphere/sphere.stl,150.0,626.115105,0,0,1
110.7,369,1,Examples/Geometry/Sphere/sphere.stl,150.0,626.115105,0,0,1
111.0,370,1,Examples/Geometry/Sphere/sphere.stl,150.0,626.115105,0,0,1
111.3,371,1,Examples/Geometry/Sphere/sphere.stl,150.0,626.115105,0,0,1
111.6,372,1,Examples/Geometry/Sphere/sphere.stl,150.0,626.115105,0,0,1
111.9,373,1,Examples/Geometry/Sphere/sphere.stl,150.0,626.115105,0,0,1
112.2,374,1,Examples/Geometry/Sphere/sphere.stl,150.0,626.115105,0,0,1
112.5,375,1,Examples/Geometry/Sphere/sphere.stl,150.0,626.115105,0,0,1
112.8,376,1,Examples/Geometry/Sphere/sphere.stl,150.0,626.115105,0,0,1
113.1,377,1,Examples/Geometry/Sphere/sphere.stl,150.0,626.115105,0,0,1
113.4,378,1,Examples/Geometry/Sphere/sphere.stl,150.0,626.115105,0,0,1
113.7,379,1,Examples/Geometry/Sphere/sphere.stl,150.0,626.115105,0,0,1
114.0,380,1,Examples/Geometry/Sphere/sphere.stl,150.0,626.115105,0,0,1
114.3,381,1,Examples/Geometry/Sphere/sphere.stl,150.0,626.115105,0,0,1
114.6,382,1,Examples/Geometry/Sphere/sphere.stl,150.0,626.115105,0,0,1
114.9,383,1,Examples/Geometry/Sphere/sphere.stl,150.0,626.115105,0,0,1
115.2,384,1,Examples/Geometry/Sphere/sphere.stl,150.0,626.115105,0,0,1
115.5,385,1,Examples/Geometry/Sphere/sphere.stl,150.0,626.115105,0,0,1
115.8,386,1,Examples/Geometry/Sphere/sphere.stl,150.0,626.115105,0,0,1
116.1,387,1,Examples/Geometry/Sphere/sphere.stl,150.0,626.115105,0,0,1
116.4,388,1,Examples/Geometry/Sphere/sphere.stl,150.0,626.115105,0,0,1
116.7,389,1,Examples/Geometry/Sphere/sphere.stl,150.0,626.115105,0,0,1
117.0,390,1,Examples/Geometry/Sphere/sphere.stl,150.0,626.115105,0,0,1
117.3,391,1,Examples/Geometry/Sphere/sphere.stl,150.0,626.115105,0,0,1
117.6,392,1,Examples/Geometry/Sphere/sphere.stl,150.0,626.115105,0,0,1
117.9,393,1,Examples/Geometry/Sphere/sphere.stl,150.0,626.115105,0,0,1
118.2,394,1,Examples/Geometry/Sphere/sphere.stl,150.0,626.115105,0,0,1
118.5,395,1,Examples/Geometry/Sphere/sphere.stl,150.0,626.115105,0,0,1
118.8,396,1,Examples/Geometry/Sphere/sphere.stl,150.0,626.115105,0,0,1
119.1,397,1,Examples/Geometry/Sphere/sphere.stl,150.0,626.115105,0,0,1
119.4,398,1,Examples/Geometry/Sphere/sphere.stl,150.0,626.115105,0,0,1
119.7,399,1,Examples/Geometry/Sphere/sphere.stl,150.0,626.115105,0,0,1
120.0,400,1,Examples/Geometry/Sphere/sphere.stl,150.0,626.115105,0,0,1
120.3,401,1,Examples/Geometry/Sphere/sphere.stl,150.0,626.115105,0,0,1
120.6,402,1,Examples/Geometry/Sphere/sphere.stl,150.0,626.115105,0,0,1
120.9,403,1,Examples/Geometry/Sphere/sphere.stl,150.0,626.115105,0,0,1
121.2,404,1,Examples/Geometry/Sphere/sphere.stl,150.0,626.115105,0,0,1
121.5,405,1,Examples/Geometry/Sphere/sphere.stl,150.0,626.115105,0,0,1
121.8,406,1,Examples/Geometry/Sphere/sphere.stl,150.0,626.115105,0,0,1
122.1,407,1,Examples/Geometry/Sphere/sphere.stl,150.0,626.115105,0,0,1
122.4,408,1,Examples/Geometry/Sphere/sphere.stl,150.0,626.115105,0,0,1
122.7,409,1,Examples/Geometry/Sphere/sphere.stl,150.0,626.115105,0,0,1
123.0,410,1,Examples/Geometry/Sphere/sphere.stl,150.0,626.115105,0,0,1
123.3,411,1,Examples/Geometry/Sphere/sphere.stl,150.0,626.115105,0,0,1
123.6,412,1,Examples/Geometry/Sphere/sphere.stl,150.0,626.115105,0,0,1
123.9,413,1,Examples/Geometry/Sphere/sphere.stl,150.0,626.115105,0,0,1
124.2,414,1,Examples/Geometry/Sphere/sphere.stl,150.0,626.115105,0,0,1
124.5,415,1,Examples/Geometry/Sphere/sphere.stl,150.0,626.115105,0,0,1
124.8,416,1,Examples/Geometry/Sphere/sphere.stl,150.0,626.115105,0,0,1
125.1,417,1,Examples/Geometry/Sphere/sphere.stl,150.0,626.115105,0,0,1
125.4,418,1,Examples/Geometry/Sphere/sphere.stl,150.0,626.115105,0,0,1
125.7,419,1,Examples/Geometry/Sphere/sphere.stl,150.0,626.115105,0,0,1
126.0,420,1,Examples/Geometry/Sphere/sphere.stl,150.0,626.115105,0,0,1
126.3,421,1,Examples/Geometry/Sphere/sphere.stl,150.0,626.115105,0,0,1
126.6,422,1,Examples/Geometry/Sphere/sphere.stl,150.0,626.115105,0,0,1
126.9,423,1,Examples/Geometry/Sphere/sphere.stl,150.0,626.115105,0,0,1
127.2,424,1,Examples/Geometry/Sphere/sphere.stl,150.0,626.115105,0,0,1
127.5,425,1,Examples/Geometry/Sphere/sphere.stl,150.0,626.115105,0,0,1
127.8,426,1,Examples/Geometry/Sphere/sphere.stl,150.0,626.115105,0,0,1
128.1,427,1,Examples/Geometry/Sphere/sphere.stl,150.0,626.115105,0,0,1
128.4,428,1,Examples/Geometry/Sphere/sphere.stl,150.0,626.115105,0,0,1
128.7,429,1,Examples/Geometry/Sphere/sphere.stl,150.0,626.115105,0,0,1
129.0,430,1,Examples/Geometry/Sphere/sphere.stl,150.0,626.115105,0,0,1
129.3,431,1,Examples/Geometry/Sphere/sphere.stl,150.0,626.115105,0,0,1
129.6,432,1,Examples/Geometry/Sphere/sphere.stl,150.0,626.115105,0,0,1
129.9,433,1,Examples/Geometry/Sphere/sphere.stl,150.0,626.115105,0,0,1
130.2,434,1,Examples/Geometry/Sphere/sphere.stl,150.0,626.115105,0,0,1
130.5,435,1,Examples/Geometry/Sphere/sphere.stl,150.0,626.115105,0,0,1
130.8,436,1,Examples/Geometry/Sphere/sphere.stl,150.0,626.115105,0,0,1
131.1,437,1,Examples/Geometry/Sphere/sphere.stl,150.0,626.115105,0,0,1
131.4,438,1,Examples/Geometry/Sphere/sphere.stl,150.0,626.115105,0,0,1
131.7,439,1,Examples/Geometry/Sphere/sphere.stl,150.0,626.115105,0,0,1
132.0,440,1,Examples/Geometry/Sphere/sphere.stl,150.0,626.115105,0,0,1
132.3,441,1,Examples/Geometry/Sphere/sphere.stl,150.0,626.115105,0,0,1
132.6,442,1,Examples/Geometry/Sphere/sphere.stl,150.0,626.115105,0,0,1
132.9,443,1,Examples/Geometry/Sphere/sphere.stl,150.0,626.115105,0,0,1
133.2,444,1,Examples/Geometry/Sphere/sphere.stl,150.0,626.115105,0,0,1
133.5,445,1,Examples/Geometry/Sphere/sphere.stl,150.0,626.115105,0,0,1
133.8,446,1,Examples/Geometry/Sphere/sphere.stl,150.0,626.115105,0,0,1
134.1,447,1,Examples/Geometry/Sphere/sphere.stl,150.0,626.115105,0,0,1
134.4,448,1,Examples/Geometry/Sphere/sphere.stl,150.0,626.115105,0,0,1
134.7,449,1,Examples/Geometry/Sphere/sphere.stl,150.0,626.115105,0,0,1
135.0,450,1,Examples/Geometry/Sphere/sphere.stl,150.0,626.115105,0,0,1
135.3,451,1,Examples/Geometry/Sphere/sphere.stl,150.0,626.115105,0,0,1
135.6,452,1,Examples/Geometry/Sphere/sphere.stl,150.0,626.115105,0,0,1
135.9,453,1,Examples/Geometry/Sphere/sphere.stl,150.0,626.115105,0,0,1
136.2,454,1,Examples/Geometry/Sphere/sphere.stl,150.0,626.115105,0,0,1
136.5,455,1,Examples/Geometry/Sphere/sphere.stl,150.0,626.115105,0,0,1
136.8,456,1,Examples/Geometry/Sphere/sphere.stl,150.0,626.115105,0,0,1
137.1,457,1,Examples/Geometry/Sphere/sphere.stl,150.0,626.115105,0,0,1
137.4,458,1,Examples/Geometry/Sphere/sphere.stl,150.0,626.115105,0,0,1
137.7,459,1,Examples/Geometry/Sphere/sphere.stl,150.0,626.115105,0,0,1
138.0,460,1,Examples/Geometry/Sphere/sphere.stl,150.0,626.115105,0,0,1
138.3,461,1,Examples/Geometry/Sphere/sphere.stl,150.0,626.115105,0,0,1
138.6,462,1,Examples/Geometry/Sphere/sphere.stl,150.0,626.115105,0,0,1
138.9,463,1,Examples/Geometry/Sphere/sphere.stl,150.0,626.115105,0,0,1
139.2,464,1,Examples/Geometry/Sphere/sphere.stl,150.0,626.115105,0,0,1
139.5,465,1,Examples/Geometry/Sphere/sphere.stl,150.0,626.115105,0,0,1
139.8,466,1,Examples/Geometry/Sphere/sphere.stl,150.0,626.115105,0,0,1
140.1,467,1,Examples/Geometry/Sphere/sphere.stl,150.0,626.115105,0,0,1
140.4,468,1,Examples/Geometry/Sphere/sphere.stl,150.0,626.115105,0,0,1
140.7,469,1,Examples/Geometry/Sphere/sphere.stl,150.0,626.115105,0,0,1
141.0,470,1,Examples/Geometry/Sphere/sphere.stl,150.0,626.115105,0,0,1
141.3,471,1,Examples/Geometry/Sphere/sphere.stl,150.0,626.115105,0,0,1
141.6,472,1,Examples/Geometry/Sphere/sphere.stl,150.0,626.115105,0,0,1
141.9,473,1,Examples/Geometry/Sphere/sphere.stl,150.0,626.115105,0,0,1
142.2,474,1,Examples/Geometry/Sphere/sphere.stl,150.0,626.115105,0,0,1
142.5,475,1,Examples/Geometry/Sphere/sphere.stl,150.0,626.115105,0,0,1
142.8,476,1,Examples/Geometry/Sphere/sphere.stl,150.0,626.115105,0,0,1
143.1,477,1,Examples/Geometry/Sphere/sphere.stl,150.0,626.115105,0,0,1
143.4,478,1,Examples/Geometry/Sphere/sphere.stl,150.0,626.115105,0,0,1
143.7,479,1,Examples/Geometry/Sphere/sphere.stl,150.0,626.115105,0,0,1
144.0,480,1,Examples/Geometry/Sphere/sphere.stl,150.0,626.115105,0,0,1
144.3,481,1,Examples/Geometry/Sphere/sphere.stl,150.0,626.115105,0,0,1
144.6,482,1,Examples/Geometry/Sphere/sphere.stl,150.0,626.115105,0,0,1
144.9,483,1,Examples/Geometry/Sphere/sphere.stl,150.0,626.115105,0,0,1
145.2,484,1,Examples/Geometry/Sphere/sphere.stl,150.0,626.115105,0,0,1
145.5,485,1,Examples/Geometry/Sphere/sphere.stl,150.0,626.115105,0,0,1
145.8,486,1,Examples/Geometry/Sphere/sphere.stl,150.0,626.115105,0,0,1
146.1,487,1,Examples/Geometry/Sphere/sphere.stl,150.0,626.115105,0,0,1
146.4,488,1,Examples/Geometry/Sphere/sphere.stl,150.0,626.115105,0,0,1
146.7,489,1,Examples/Geometry/Sphere/sphere.stl,150.0,626.115105,0,0,1
147.0,490,1,Examples/Geometry/Sphere/sphere.stl,150.0,626.115105,0,0,1
147.3,491,1,Examples/Geometry/Sphere/sphere.stl,150.0,626.115105,0,0,1
147.6,492,1,Examples/Geometry/Sphere/sphere.stl,150.0,626.115105,0,0,1
147.9,493,1,Examples/Geometry/Sphere/sphere.stl,150.0,626.115105,0,0,1
148.2,494,1,Examples/Geometry/Sphere/sphere.stl,150.0,626.115105,0,0,1
148.5,495,1,Examples/Geometry/Sphere/sphere.stl,150.0,626.115105,0,0,1
148.8,496,1,Examples/Geometry/Sphere/sphere.stl,150.0,626.115105,0,0,1
149.1,497,1,Examples/Geometry/Sphere/sphere.stl,150.0,626.115105,0,0,1
149.4,498,1,Examples/Geometry/Sphere/sphere.stl,150.0,626.115105,0,0,1
149.7,499,1,Examples/Geometry/Sphere/sphere.stl,150.0,626.115105,0,0,1
150.0,500,1,Examples/Geometry/Sphere/sphere.stl,150.0,626.115105,0,0,1
150.3,501,1,Examples/Geometry/Sphere/sphere.stl,150.0,626.115105,0,0,1
150.6,502,1,Examples/Geometry/Sphere/sphere.stl,150.0,626.115105,0,0,1
150.9,503,1,Examples/Geometry/Sphere/sphere.stl,150.0,626.115105,0,0,1
151.2,504,1,Examples/Geometry/Sphere/sphere.stl,150.0,626.115105,0,0,1
151.5,505,1,Examples/Geometry/Sphere/sphere.stl,150.0,626.115105,0,0,1
151.8,506,1,Examples/Geometry/Sphere/sphere.stl,150.0,626.115105,0,0,1
152.1,507,1,Examples/Geometry/Sphere/sphere.stl,150.0,626.115105,0,0,1
152.4,508,1,Examples/Geometry/Sphere/sphere.stl,150.0,626.115105,0,0,1
152.7,509,1,Examples/Geometry/Sphere/sphere.stl,150.0,626.115105,0,0,1
153.0,510,1,Examples/Geometry/Sphere/sphere.stl,150.0,626.115105,0,0,1
153.3,511,1,Examples/Geometry/Sphere/sphere.stl,150.0,626.115105,0,0,1
153.6,512,1,Examples/Geometry/Sphere/sphere.stl,150.0,626.115105,0,0,1
153.9,513,1,Examples/Geometry/Sphere/sphere.stl,150.0,626.115105,0,0,1
154.2,514,1,Examples/Geometry/Sphere/sphere.stl,150.0,626.115105,0,0,1
154.5,515,1,Examples/Geometry/Sphere/sphere.stl,150.0,626.115105,0,0,1
154.8,516,1,Examples/Geometry/Sphere/sphere.stl,150.0,626.115105,0,0,1
155.1,517,1,Examples/Geometry/Sphere/sphere.stl,150.0,626.115105,0,0,1
155.4,518,1,Examples/Geometry/Sphere/sphere.stl,150.0,626.115105,0,0,1
155.7,519,1,Examples/Geometry/Sphere/sphere.stl,150.0,626.115105,0,0,1
156.0,520,1,Examples/Geometry/Sphere/sphere.stl,150.0,626.115105,0,0,1
156.3,521,1,Examples/Geometry/Sphere/sphere.stl,150.0,626.115105,0,0,1
156.6,522,1,Examples/Geometry/Sphere/sphere.stl,150.0,626.115105,0,0,1
156.9,523,1,Examples/Geometry/Sphere/sphere.stl,150.0,626.115105,0,0,1
157.2,524,1,Examples/Geometry/Sphere/sphere.stl,150.0,626.115105,0,0,1
157.5,525,1,Examples/Geometry/Sphere/sphere.stl,150.0,626.115105,0,0,1
157.8,526,1,Examples/Geometry/Sphere/sphere.stl,150.0,626.115105,0,0,1
158.1,527,1,Examples/Geometry/Sphere/sphere.stl,150.0,626.115105,0,0,1
158.4,528,1,Examples/Geometry/Sphere/sphere.stl,150.0,626.115105,0,0,1
158.7,529,1,Examples/Geometry/Sphere/sphere.stl,150.0,626.115105,0,0,1
159.0,530,1,Examples/Geometry/Sphere/sphere.stl,150.0,626.115105,0,0,1
159.3,531,1,Examples/Geometry/Sphere/sphere.stl,150.0,626.115105,0,0,1
159.6,532,1,Examples/Geometry/Sphere/sphere.stl,150.0,626.115105,0,0,1
159.9,533,1,Examples/Geometry/Sphere/sphere.stl,150.0,626.115105,0,0,1
160.2,534,1,Examples/Geometry/Sphere/sphere.stl,150.0,626.115105,0,0,1
160.5,535,1,Examples/Geometry/Sphere/sphere.stl,150.0,626.115105,0,0,1
160.8,536,1,Examples/Geometry/Sphere/sphere.stl,150.0,626.115105,0,0,1
161.1,537,1,Examples/Geometry/Sphere/sphere.stl,150.0,626.115105,0,0,1
161.4,538,1,Examples/Geometry/Sphere/sphere.stl,150.0,626.115105,0,0,1
161.7,539,1,Examples/Geometry/Sphere/sphere.stl,150.0,626.115105,0,0,1
162.0,540,1,Examples/Geometry/Sphere/sphere.stl,150.0,626.115105,0,0,1
162.3,541,1,Examples/Geometry/Sphere/sphere.stl,150.0,626.115105,0,0,1
162.6,542,1,Examples/Geometry/Sphere/sphere.stl,150.0,626.115105,0,0,1
162.9,543,1,Examples/Geometry/Sphere/sphere.stl,150.0,626.115105,0,0,1
163.2,544,1,Examples/Geometry/Sphere/sphere.stl,150.0,626.115105,0,0,1
163.5,545,1,Examples/Geometry/Sphere/sphere.stl,150.0,626.115105,0,0,1
163.8,546,1,Examples/Geometry/Sphere/sphere.stl,150.0,626.115105,0,0,1
164.1,547,1,Examples/Geometry/Sphere/sphere.stl,150.0,626.115105,0,0,1
164.4,548,1,Examples/Geometry/Sphere/sphere.stl,150.0,626.115105,0,0,1
164.7,549,1,Examples/Geometry/Sphere/sphere.stl,150.0,626.115105,0,0,1
165.0,550,1,Examples/Geometry/Sphere/sphere.stl,150.0,626.115105,0,0,1
165.3,551,1,Examples/Geometry/Sphere/sphere.stl,150.0,626.115105,0,0,1
165.6,552,1,Examples/Geometry/Sphere/sphere.stl,150.0,626.115105,0,0,1
165.9,553,1,Examples/Geometry/Sphere/sphere.stl,150.0,626.115105,0,0,1
166.2,554,1,Examples/Geometry/Sphere/sphere.stl,150.0,626.115105,0,0,1
166.5,555,1,Examples/Geometry/Sphere/sphere.stl,150.0,626.115105,0,0,1
166.8,556,1,Examples/Geometry/Sphere/sphere.stl,150.0,626.115105,0,0,1
167.1,557,1,Examples/Geometry/Sphere/sphere.stl,150.0,626.115105,0,0,1
167.4,558,1,Examples/Geometry/Sphere/sphere.stl,150.0,626.115105,0,0,1
167.7,559,1,Examples/Geometry/Sphere/sphere.stl,150.0,626.115105,0,0,1
168.0,560,1,Examples/Geometry/Sphere/sphere.stl,150.0,626.115105,0,0,1
168.3,561,1,Examples/Geometry/Sphere/sphere.stl,150.0,626.115105,0,0,1
168.6,562,1,Examples/Geometry/Sphere/sphere.stl,150.0,626.115105,0,0,1
168.9,563,1,Examples/Geometry/Sphere/sphere.stl,150.0,626.115105,0,0,1
169.2,564,1,Examples/Geometry/Sphere/sphere.stl,150.0,626.115105,0,0,1
169.5,565,1,Examples/Geometry/Sphere/sphere.stl,150.0,626.115105,0,0,1
